case,label,node,support_label,time_s,x_um,y_um
baseline_g6_3_hydraulic,"G6,3 + номинальная сила",left_support,левая опора,0.0,1.4606079099670632,1.3892746128541895
baseline_g6_3_hydraulic,"G6,3 + номинальная сила",left_support,левая опора,5.097489486427934e-05,1.4518002923212159,1.381440872772335
baseline_g6_3_hydraulic,"G6,3 + номинальная сила",left_support,левая опора,0.00010194978972855868,1.4426326669252558,1.3732645721997911
baseline_g6_3_hydraulic,"G6,3 + номинальная сила",left_support,левая опора,0.000152924684592838,1.433107307105763,1.364747738641022
baseline_g6_3_hydraulic,"G6,3 + номинальная сила",left_support,левая опора,0.00020389957945711736,1.4232265748979116,1.3558924840435895
baseline_g6_3_hydraulic,"G6,3 + номинальная сила",left_support,левая опора,0.0002548744743213967,1.4129929204597516,1.3467010042744463
baseline_g6_3_hydraulic,"G6,3 + номинальная сила",left_support,левая опора,0.000305849369185676,1.4024088814646312,1.3371755785754205
baseline_g6_3_hydraulic,"G6,3 + номинальная сила",left_support,левая опора,0.0003568242640499554,1.3914770824719238,1.3273185689980231
baseline_g6_3_hydraulic,"G6,3 + номинальная сила",left_support,левая опора,0.0004077991589142347,1.3802002342762074,1.3171324198177237
baseline_g6_3_hydraulic,"G6,3 + номинальная сила",left_support,левая опора,0.00045877405377851404,1.3685811332350586,1.3066196569278345
baseline_g6_3_hydraulic,"G6,3 + номинальная сила",left_support,левая опора,0.0005097489486427934,1.356622660575631,1.2957828872131556
baseline_g6_3_hydraulic,"G6,3 + номинальная сила",left_support,левая опора,0.0005607238435070727,1.3443277816801884,1.2846247979035386
baseline_g6_3_hydraulic,"G6,3 + номинальная сила",left_support,левая опора,0.000611698738371352,1.3316995453507678,1.2731481559075235
baseline_g6_3_hydraulic,"G6,3 + номинальная сила",left_support,левая опора,0.0006626736332356314,1.318741083053159,1.261355807126221
baseline_g6_3_hydraulic,"G6,3 + номинальная сила",left_support,левая опора,0.0007136485280999108,1.3054556081403839,1.2492506757476036
baseline_g6_3_hydraulic,"G6,3 + номинальная сила",left_support,левая опора,0.0007646234229641901,1.291846415055871,1.236835763521385
baseline_g6_3_hydraulic,"G6,3 + номинальная сила",left_support,левая опора,0.0008155983178284694,1.2779168785165214,1.2241141490146672
baseline_g6_3_hydraulic,"G6,3 + номинальная сила",left_support,левая опора,0.0008665732126927488,1.2636704526758686,1.211088986848538
baseline_g6_3_hydraulic,"G6,3 + номинальная сила",left_support,левая опора,0.0009175481075570281,1.2491106702675407,1.1977635069158068
baseline_g6_3_hydraulic,"G6,3 + номинальная сила",left_support,левая опора,0.0009685230024213075,1.2342411417292363,1.1841410135800803
baseline_g6_3_hydraulic,"G6,3 + номинальная сила",left_support,левая опора,0.0010194978972855868,1.2190655543074338,1.1702248848563674
baseline_g6_3_hydraulic,"G6,3 + номинальная сила",left_support,левая опора,0.0010704727921498661,1.2035876711430509,1.1560185715734201
baseline_g6_3_hydraulic,"G6,3 + номинальная сила",left_support,левая опора,0.0011214476870141455,1.1878113303382862,1.141525596518023
baseline_g6_3_hydraulic,"G6,3 + номинальная сила",left_support,левая опора,0.0011724225818784248,1.1717404440048735,1.1267495535614331
baseline_g6_3_hydraulic,"G6,3 + номинальная сила",left_support,левая опора,0.001223397476742704,1.1553789972939807,1.1116941067681971
baseline_g6_3_hydraulic,"G6,3 + номинальная сила",left_support,левая опора,0.0012743723716069834,1.1387310474080004,1.0963629894875617
baseline_g6_3_hydraulic,"G6,3 + номинальная сила",left_support,левая опора,0.0013253472664712627,1.1218007225944706,1.0807600034277014
baseline_g6_3_hydraulic,"G6,3 + номинальная сила",left_support,левая опора,0.0013763221613355423,1.1045922211223795,1.064889017712996
baseline_g6_3_hydraulic,"G6,3 + номинальная сила",left_support,левая опора,0.0014272970561998216,1.087109810241108,1.0487539679245925
baseline_g6_3_hydraulic,"G6,3 + номинальная сила",left_support,левая опора,0.001478271951064101,1.0693578251222635,1.0323588551244847
baseline_g6_3_hydraulic,"G6,3 + номинальная сила",left_support,левая опора,0.0015292468459283802,1.0513406677846757,1.015707744863357
baseline_g6_3_hydraulic,"G6,3 + номинальная сила",left_support,левая опора,0.0015802217407926596,1.0330628060028106,0.9988047661724362
baseline_g6_3_hydraulic,"G6,3 + номинальная сила",left_support,левая опора,0.0016311966356569389,1.0145287721988834,0.9816541105396019
baseline_g6_3_hydraulic,"G6,3 + номинальная сила",left_support,левая опора,0.0016821715305212182,0.9957431623189383,0.9642600308700088
baseline_g6_3_hydraulic,"G6,3 + номинальная сила",left_support,левая опора,0.0017331464253854975,0.9767106346931761,0.9466268404314806
baseline_g6_3_hydraulic,"G6,3 + номинальная сила",left_support,левая опора,0.0017841213202497768,0.9574359088808132,0.9287589117849342
baseline_g6_3_hydraulic,"G6,3 + номинальная сила",left_support,левая опора,0.0018350962151140562,0.9379237644997558,0.9106606757001011
baseline_g6_3_hydraulic,"G6,3 + номинальная сила",left_support,левая опора,0.0018860711099783355,0.9181790400413828,0.8923366200568141
baseline_g6_3_hydraulic,"G6,3 + номинальная сила",left_support,левая опора,0.001937046004842615,0.898206631670729,0.8737912887321344
baseline_g6_3_hydraulic,"G6,3 + номинальная сила",left_support,левая опора,0.001988020899706894,0.8780114920123673,0.8550292804735897
baseline_g6_3_hydraulic,"G6,3 + номинальная сила",left_support,левая опора,0.0020389957945711737,0.857598628922288,0.8360552477588082
baseline_g6_3_hydraulic,"G6,3 + номинальная сила",left_support,левая опора,0.0020899706894354528,0.8369731042460863,0.8168738956418282
baseline_g6_3_hydraulic,"G6,3 + номинальная сила",left_support,левая опора,0.0021409455842997323,0.8161400325637586,0.7974899805863703
baseline_g6_3_hydraulic,"G6,3 + номинальная сила",left_support,левая опора,0.002191920479164012,0.7951045799214226,0.7779083092863611
baseline_g6_3_hydraulic,"G6,3 + номинальная сила",left_support,левая опора,0.002242895374028291,0.7738719625502766,0.758133737474001
baseline_g6_3_hydraulic,"G6,3 + номинальная сила",left_support,левая опора,0.0022938702688925705,0.7524474455731128,0.7381711687156721
baseline_g6_3_hydraulic,"G6,3 + номинальная сила",left_support,левая опора,0.0023448451637568496,0.7308363416987077,0.7180255531959859
baseline_g6_3_hydraulic,"G6,3 + номинальная сила",left_support,левая опора,0.002395820058621129,0.7090440099044106,0.6977018864902678
baseline_g6_3_hydraulic,"G6,3 + номинальная сила",left_support,левая опора,0.002446794953485408,0.6870758541072624,0.677205208325788
baseline_g6_3_hydraulic,"G6,3 + номинальная сила",left_support,левая опора,0.0024977698483496878,0.6649373218239665,0.656540601332045
baseline_g6_3_hydraulic,"G6,3 + номинальная сила",left_support,левая опора,0.002548744743213967,0.6426339028200506,0.6357131897804067
baseline_g6_3_hydraulic,"G6,3 + номинальная сила",left_support,левая опора,0.0025997196380782464,0.620171127748552,0.6147281383134304
baseline_g6_3_hydraulic,"G6,3 + номинальная сила",left_support,левая опора,0.0026506945329425255,0.5975545667785611,0.5935906506641665
baseline_g6_3_hydraulic,"G6,3 + номинальная сила",left_support,левая опора,0.002701669427806805,0.5747898282139705,0.5723059683657737
baseline_g6_3_hydraulic,"G6,3 + номинальная сила",left_support,левая опора,0.0027526443226710846,0.5518825571027633,0.5508793694517574
baseline_g6_3_hydraulic,"G6,3 + номинальная сила",left_support,левая опора,0.0028036192175353637,0.5288384338371936,0.5293161671471589
baseline_g6_3_hydraulic,"G6,3 + номинальная сила",left_support,левая опора,0.002854594112399643,0.5056631727451981,0.5076217085510158
baseline_g6_3_hydraulic,"G6,3 + номинальная сила",left_support,левая опора,0.0029055690072639223,0.4823625206733982,0.48580137331042655
baseline_g6_3_hydraulic,"G6,3 + номинальная сила",left_support,левая опора,0.002956543902128202,0.45894225556203283,0.4638605722865389
baseline_g6_3_hydraulic,"G6,3 + номинальная сила",left_support,левая опора,0.003007518796992481,0.4354081850121853,0.4418047462128025
baseline_g6_3_hydraulic,"G6,3 + номинальная сила",left_support,левая опора,0.0030584936918567605,0.4117661448456513,0.4196393643458109
baseline_g6_3_hydraulic,"G6,3 + номинальная сила",left_support,левая опора,0.0031094685867210396,0.3880219976578128,0.3973699231090731
baseline_g6_3_hydraulic,"G6,3 + номинальная сила",left_support,левая опора,0.003160443481585319,0.3641816313638684,0.37500194473004506
baseline_g6_3_hydraulic,"G6,3 + номинальная сила",left_support,левая опора,0.0032114183764495982,0.3402509577387899,0.35254097587076727
baseline_g6_3_hydraulic,"G6,3 + номинальная сила",left_support,левая опора,0.0032623932713138778,0.3162359109513573,0.3299925862524378
baseline_g6_3_hydraulic,"G6,3 + номинальная сила",left_support,левая опора,0.0033133681661781573,0.2921424460926455,0.30736236727427213
baseline_g6_3_hydraulic,"G6,3 + номинальная сила",left_support,левая опора,0.0033643430610424364,0.2679765376993196,0.28465593062698463
baseline_g6_3_hydraulic,"G6,3 + номинальная сила",left_support,левая опора,0.003415317955906716,0.24374417827210776,0.2618789069012375
baseline_g6_3_hydraulic,"G6,3 + номинальная сила",left_support,левая опора,0.003466292850770995,0.21945137678982363,0.2390369441914073
baseline_g6_3_hydraulic,"G6,3 + номинальная сила",left_support,левая опора,0.0035172677456352746,0.19510415721929739,0.21613570669500495
baseline_g6_3_hydraulic,"G6,3 + номинальная сила",left_support,левая опора,0.0035682426404995537,0.17070855702159443,0.19318087330810904
baseline_g6_3_hydraulic,"G6,3 + номинальная сила",left_support,левая опора,0.0036192175353638332,0.14627062565488452,0.17017813621714808
baseline_g6_3_hydraulic,"G6,3 + номинальная сила",left_support,левая опора,0.0036701924302281123,0.12179642307433898,0.1471331994873928
baseline_g6_3_hydraulic,"G6,3 + номинальная сила",left_support,левая опора,0.003721167325092392,0.09729201822942223,0.1240517776484976
baseline_g6_3_hydraulic,"G6,3 + номинальная сила",left_support,левая опора,0.003772142219956671,0.07276348755895522,0.10093959427745196
baseline_g6_3_hydraulic,"G6,3 + номинальная сила",left_support,левая опора,0.0038231171148209505,0.04821691348431924,0.07780238057928358
baseline_g6_3_hydraulic,"G6,3 + номинальная сила",left_support,левая опора,0.00387409200968523,0.023658382901179574,0.0546458739658749
baseline_g6_3_hydraulic,"G6,3 + номинальная сила",left_support,левая опора,0.00392506690454951,-0.0009060143299038047,0.03147581663323603
baseline_g6_3_hydraulic,"G6,3 + номинальная сила",left_support,левая опора,0.003976041799413788,-0.025470186893597827,0.008297954137595105
baseline_g6_3_hydraulic,"G6,3 + номинальная сила",left_support,левая опора,0.004027016694278068,-0.05002804353028321,-0.014881966029349823
baseline_g6_3_hydraulic,"G6,3 + номинальная сила",left_support,левая опора,0.004077991589142347,-0.07457349454651979,-0.03805819586565081
baseline_g6_3_hydraulic,"G6,3 + номинальная сила",left_support,левая опора,0.004128966484006627,-0.09910045332513139,-0.06122498828446456
baseline_g6_3_hydraulic,"G6,3 + номинальная сила",left_support,левая опора,0.0041799413788709055,-0.12360283783452292,-0.08437659853917473
baseline_g6_3_hydraulic,"G6,3 + номинальная сила",left_support,левая опора,0.004230916273735185,-0.14807457213686345,-0.107507285647938
baseline_g6_3_hydraulic,"G6,3 + номинальная сила",left_support,левая опора,0.004281891168599465,-0.17250958789475587,-0.13061131381729257
baseline_g6_3_hydraulic,"G6,3 + номинальная сила",left_support,левая опора,0.004332866063463744,-0.19690182587602204,-0.1536829538644823
baseline_g6_3_hydraulic,"G6,3 + номинальная сила",left_support,левая опора,0.004383840958328024,-0.22124523745623187,-0.17671648463814182
baseline_g6_3_hydraulic,"G6,3 + номинальная сила",left_support,левая опора,0.004434815853192302,-0.24553378611859952,-0.1997061944369883
baseline_g6_3_hydraulic,"G6,3 + номинальная сила",left_support,левая опора,0.004485790748056582,-0.26976144895088183,-0.22264638242617396
baseline_g6_3_hydraulic,"G6,3 + номинальная сила",left_support,левая опора,0.004536765642920861,-0.29392221813889524,-0.24553136005093693
baseline_g6_3_hydraulic,"G6,3 + номинальная сила",left_support,левая опора,0.004587740537785141,-0.3180101024562968,-0.26835545244721404
baseline_g6_3_hydraulic,"G6,3 + номинальная сила",left_support,левая опора,0.00463871543264942,-0.34201912875024665,-0.2911129998488541
baseline_g6_3_hydraulic,"G6,3 + номинальная сила",left_support,левая опора,0.004689690327513699,-0.3659433434225926,-0.3137983589910907
baseline_g6_3_hydraulic,"G6,3 + номинальная сила",left_support,левая опора,0.004740665222377979,-0.3897768139062022,-0.33640590450992025
baseline_g6_3_hydraulic,"G6,3 + номинальная сила",left_support,левая опора,0.004791640117242258,-0.41351363013608117,-0.35893003033704163
baseline_g6_3_hydraulic,"G6,3 + номинальная сила",left_support,левая опора,0.004842615012106537,-0.4371479060149118,-0.38136515109001246
baseline_g6_3_hydraulic,"G6,3 + номинальная сила",left_support,левая опора,0.004893589906970816,-0.4606737808726497,-0.4037057034572755
baseline_g6_3_hydraulic,"G6,3 + номинальная сила",left_support,левая опора,0.004944564801835096,-0.484085420919811,-0.4259461475777098
baseline_g6_3_hydraulic,"G6,3 + номинальная сила",left_support,левая опора,0.0049955396966993755,-0.5073770206940993,-0.4480809684143708
baseline_g6_3_hydraulic,"G6,3 + номинальная сила",left_support,левая опора,0.005046514591563655,-0.5305428045000036,-0.47010467712207
baseline_g6_3_hydraulic,"G6,3 + номинальная сила",left_support,левая опора,0.005097489486427934,-0.5535770278410166,-0.4920118124084634
baseline_g6_3_hydraulic,"G6,3 + номинальная сила",left_support,левая опора,0.005148464381292213,-0.5764739788441187,-0.5137969418883073
baseline_g6_3_hydraulic,"G6,3 + номинальная сила",left_support,левая опора,0.005199439276156493,-0.5992279796761674,-0.5354546634305425
baseline_g6_3_hydraulic,"G6,3 + номинальная сила",left_support,левая опора,0.005250414171020772,-0.6218333879518513,-0.5569796064978811
baseline_g6_3_hydraulic,"G6,3 + номинальная сила",left_support,левая опора,0.005301389065885051,-0.6442845981328483,-0.5783664334785551
baseline_g6_3_hydraulic,"G6,3 + номинальная сила",left_support,левая опора,0.0053523639607493305,-0.6665760429178522,-0.5996098410099024
baseline_g6_3_hydraulic,"G6,3 + номинальная сила",left_support,левая опора,0.00540333885561361,-0.6887021946231127,-0.6207045612934586
baseline_g6_3_hydraulic,"G6,3 + номинальная сила",left_support,левая опора,0.00545431375047789,-0.7106575665531556,-0.6416453634012316
baseline_g6_3_hydraulic,"G6,3 + номинальная сила",left_support,левая опора,0.005505288645342169,-0.732436714361335,-0.6624270545728311
baseline_g6_3_hydraulic,"G6,3 + номинальная сила",left_support,левая опора,0.005556263540206448,-0.7540342373998873,-0.683044481503135
baseline_g6_3_hydraulic,"G6,3 + номинальная сила",left_support,левая опора,0.005607238435070727,-0.7754447800591481,-0.7034925316201726
baseline_g6_3_hydraulic,"G6,3 + номинальная сила",left_support,левая опора,0.005658213329935007,-0.7966630330955986,-0.7237661343529043
baseline_g6_3_hydraulic,"G6,3 + номинальная сила",left_support,левая опора,0.005709188224799286,-0.8176837349484195,-0.7438602623885898
baseline_g6_3_hydraulic,"G6,3 + номинальная сила",left_support,левая опора,0.005760163119663565,-0.838501673044214,-0.7637699329194263
baseline_g6_3_hydraulic,"G6,3 + номинальная сила",left_support,левая опора,0.005811138014527845,-0.8591116850895907,-0.7834902088781526
baseline_g6_3_hydraulic,"G6,3 + номинальная сила",left_support,левая опора,0.005862112909392124,-0.8795086603512717,-0.8030162001623092
baseline_g6_3_hydraulic,"G6,3 + номинальная сила",left_support,левая опора,0.005913087804256404,-0.8996875409234195,-0.8223430648468546
baseline_g6_3_hydraulic,"G6,3 + номинальная сила",left_support,левая опора,0.005964062699120682,-0.9196433229818631,-0.8414660103848326
baseline_g6_3_hydraulic,"G6,3 + номинальная сила",left_support,левая опора,0.006015037593984962,-0.9393710580249125,-0.8603802947957973
baseline_g6_3_hydraulic,"G6,3 + номинальная сила",left_support,левая опора,0.0060660124888492414,-0.9588658541004543,-0.8790812278416952
baseline_g6_3_hydraulic,"G6,3 + номинальная сила",left_support,левая опора,0.006116987383713521,-0.9781228770190266,-0.8975641721899222
baseline_g6_3_hydraulic,"G6,3 + номинальная сила",left_support,левая опора,0.0061679622785778005,-0.9971373515525681,-0.9158245445632561
baseline_g6_3_hydraulic,"G6,3 + номинальная сила",left_support,левая опора,0.006218937173442079,-1.0159045626185486,-0.933857816876389
baseline_g6_3_hydraulic,"G6,3 + номинальная сила",left_support,левая опора,0.006269912068306359,-1.0344198564491822,-0.9516595173587704
baseline_g6_3_hydraulic,"G6,3 + номинальная сила",left_support,левая опора,0.006320886963170638,-1.0526786417454386,-0.969225231663487
baseline_g6_3_hydraulic,"G6,3 + номинальная сила",left_support,левая опора,0.006371861858034918,-1.0706763908155617,-0.9865506039619036
baseline_g6_3_hydraulic,"G6,3 + номинальная сила",left_support,левая опора,0.0064228367528991965,-1.0884086406978175,-1.0036313380237911
baseline_g6_3_hydraulic,"G6,3 + номинальная сила",left_support,левая опора,0.006473811647763476,-1.1058709942671905,-1.020463198282681
baseline_g6_3_hydraulic,"G6,3 + номинальная сила",left_support,левая опора,0.0065247865426277555,-1.12305912132575,-1.037042010886167
baseline_g6_3_hydraulic,"G6,3 + номинальная сила",left_support,левая опора,0.006575761437492035,-1.139968759676427,-1.0533636647309128
baseline_g6_3_hydraulic,"G6,3 + номинальная сила",left_support,левая опора,0.006626736332356315,-1.1565957161799243,-1.0694241124820967
baseline_g6_3_hydraulic,"G6,3 + номинальная сила",left_support,левая опора,0.006677711227220593,-1.1729358677945023,-1.085219371577039
baseline_g6_3_hydraulic,"G6,3 + номинальная сила",left_support,левая опора,0.006728686122084873,-1.188985162598385,-1.100745525212776
baseline_g6_3_hydraulic,"G6,3 + номинальная сила",left_support,левая опора,0.006779661016949152,-1.2047396207945271,-1.1159987233173185
baseline_g6_3_hydraulic,"G6,3 + номинальная сила",left_support,левая опора,0.006830635911813432,-1.2201953356974995,-1.1309751835043707
baseline_g6_3_hydraulic,"G6,3 + номинальная сила",left_support,левая опора,0.0068816108066777106,-1.2353484747022399,-1.1456711920112563
baseline_g6_3_hydraulic,"G6,3 + номинальная сила",left_support,левая опора,0.00693258570154199,-1.250195280234439,-1.1600831046198383
baseline_g6_3_hydraulic,"G6,3 + номинальная сила",left_support,левая опора,0.00698356059640627,-1.2647320706823189,-1.1742073475601837
baseline_g6_3_hydraulic,"G6,3 + номинальная сила",left_support,левая опора,0.007034535491270549,-1.2789552413095742,-1.188040418396765
baseline_g6_3_hydraulic,"G6,3 + номинальная сила",left_support,левая опора,0.007085510386134829,-1.2928612651492482,-1.2015788868969697
baseline_g6_3_hydraulic,"G6,3 + номинальная сила",left_support,левая опора,0.007136485280999107,-1.3064466938783303,-1.2148193958817077
baseline_g6_3_hydraulic,"G6,3 + номинальная сила",left_support,левая опора,0.007187460175863387,-1.319708158672846,-1.2277586620579013
baseline_g6_3_hydraulic,"G6,3 + номинальная сила",left_support,левая опора,0.0072384350707276664,-1.3326423710432358,-1.2403934768326543
baseline_g6_3_hydraulic,"G6,3 + номинальная сила",left_support,левая опора,0.007289409965591946,-1.3452461236498123,-1.2527207071088984
baseline_g6_3_hydraulic,"G6,3 + номинальная сила",left_support,левая опора,0.007340384860456225,-1.3575162910980965,-1.2647372960623164
baseline_g6_3_hydraulic,"G6,3 + номинальная сила",left_support,левая опора,0.007391359755320504,-1.3694498307138312,-1.2764402638993546
baseline_g6_3_hydraulic,"G6,3 + номинальная сила",left_support,левая опора,0.007442334650184784,-1.3810437832974818,-1.28782670859613
baseline_g6_3_hydraulic,"G6,3 + номинальная сила",left_support,левая опора,0.007493309545049063,-1.392295273858042,-1.298893806618057
baseline_g6_3_hydraulic,"G6,3 + номинальная сила",left_support,левая опора,0.007544284439913342,-1.4032015123259522,-1.309638813620008
baseline_g6_3_hydraulic,"G6,3 + номинальная сила",left_support,левая опора,0.0075952593347776215,-1.413759794244963,-1.3200590651268362
baseline_g6_3_hydraulic,"G6,3 + номинальная сила",left_support,левая опора,0.007646234229641901,-1.4239675014427688,-1.3301519771940975
baseline_g6_3_hydraulic,"G6,3 + номинальная сила",left_support,левая опора,0.0076972091245061805,-1.4338221026802445,-1.3399150470487966
baseline_g6_3_hydraulic,"G6,3 + номинальная сила",left_support,левая опора,0.00774818401937046,-1.4433211542791247,-1.3493458537100103
baseline_g6_3_hydraulic,"G6,3 + номинальная сила",left_support,левая опора,0.007799158914234739,-1.4524623007279711,-1.358442058589224
baseline_g6_3_hydraulic,"G6,3 + номинальная сила",left_support,левая опора,0.00785013380909902,-1.4612432752662776,-1.367201406070243
baseline_g6_3_hydraulic,"G6,3 + номинальная сила",left_support,левая опора,0.007901108703963298,-1.4696619004465636,-1.3756217240685193
baseline_g6_3_hydraulic,"G6,3 + номинальная сила",left_support,левая опора,0.007952083598827576,-1.4777160886743264,-1.3837009245697767
baseline_g6_3_hydraulic,"G6,3 + номинальная сила",left_support,левая опора,0.008003058493691857,-1.4854038427257066,-1.3914370041477797
baseline_g6_3_hydraulic,"G6,3 + номинальная сила",left_support,левая опора,0.008054033388556136,-1.4927232562427468,-1.3988280444611285
baseline_g6_3_hydraulic,"G6,3 + номинальная сила",left_support,левая опора,0.008105008283420414,-1.4996725142061185,-1.4058722127289598
baseline_g6_3_hydraulic,"G6,3 + номинальная сила",left_support,левая опора,0.008155983178284695,-1.5062498933851973,-1.4125677621854247
baseline_g6_3_hydraulic,"G6,3 + номинальная сила",left_support,левая опора,0.008206958073148973,-1.5124537627653774,-1.4189130325128414
baseline_g6_3_hydraulic,"G6,3 + номинальная сила",left_support,левая опора,0.008257932968013254,-1.5182825839525231,-1.42490645025341
baseline_g6_3_hydraulic,"G6,3 + номинальная сила",left_support,левая опора,0.008308907862877532,-1.5237349115544456,-1.4305465291993862
baseline_g6_3_hydraulic,"G6,3 + номинальная сила",left_support,левая опора,0.008359882757741811,-1.5288093935393243,-1.4358318707616249
baseline_g6_3_hydraulic,"G6,3 + номинальная сила",left_support,левая опора,0.008410857652606091,-1.533504771570973,-1.4407611643163882
baseline_g6_3_hydraulic,"G6,3 + номинальная сила",left_support,левая опора,0.00846183254747037,-1.537819881320875,-1.4453331875303486
baseline_g6_3_hydraulic,"G6,3 + номинальная сила",left_support,левая опора,0.00851280744233465,-1.5417536527569053,-1.449546806663694
baseline_g6_3_hydraulic,"G6,3 + номинальная сила",left_support,левая опора,0.00856378233719893,-1.5453051104086686,-1.4534009768512652
baseline_g6_3_hydraulic,"G6,3 + номинальная сила",left_support,левая опора,0.008614757232063208,-1.548473373609392,-1.4568947423616538
baseline_g6_3_hydraulic,"G6,3 + номинальная сила",left_support,левая опора,0.008665732126927488,-1.5512576567143057,-1.4600272368341989
baseline_g6_3_hydraulic,"G6,3 + номинальная сила",left_support,левая опора,0.008716707021791767,-1.5536572692954613,-1.4627976834938206
baseline_g6_3_hydraulic,"G6,3 + номинальная сила",left_support,левая опора,0.008767681916656047,-1.555671616312942,-1.4652053953436415
baseline_g6_3_hydraulic,"G6,3 + номинальная сила",left_support,левая опора,0.008818656811520326,-1.5573001982624135,-1.4672497753353406
baseline_g6_3_hydraulic,"G6,3 + номинальная сила",left_support,левая опора,0.008869631706384605,-1.55854261129899,-1.4689303165172078
baseline_g6_3_hydraulic,"G6,3 + номинальная сила",left_support,левая опора,0.008920606601248885,-1.559398547337376,-1.4702466021598537
baseline_g6_3_hydraulic,"G6,3 + номинальная сила",left_support,левая опора,0.008971581496113164,-1.5598677941282635,-1.4711983058595464
baseline_g6_3_hydraulic,"G6,3 + номинальная сила",left_support,левая опора,0.009022556390977442,-1.5599502353109642,-1.4717851916191524
baseline_g6_3_hydraulic,"G6,3 + номинальная сила",left_support,левая опора,0.009073531285841723,-1.5596458504422637,-1.4720071139066568
baseline_g6_3_hydraulic,"G6,3 + номинальная сила",left_support,левая опора,0.009124506180706001,-1.5589547150014904,-1.471864017691251
baseline_g6_3_hydraulic,"G6,3 + номинальная сила",left_support,левая опора,0.009175481075570282,-1.5578770003718,-1.4713559384569803
baseline_g6_3_hydraulic,"G6,3 + номинальная сила",left_support,левая опора,0.00922645597043456,-1.5564129737976762,-1.4704830021939428
baseline_g6_3_hydraulic,"G6,3 + номинальная сила",left_support,левая опора,0.00927743086529884,-1.5545629983186604,-1.4692454253670493
baseline_g6_3_hydraulic,"G6,3 + номинальная сила",left_support,левая опора,0.00932840576016312,-1.5523275326793293,-1.467643514862344
baseline_g6_3_hydraulic,"G6,3 + номинальная сила",left_support,левая опора,0.009379380655027398,-1.549707131215537,-1.4656776679109058
baseline_g6_3_hydraulic,"G6,3 + номинальная сила",left_support,левая опора,0.009430355549891679,-1.546702443716955,-1.463348371990346
baseline_g6_3_hydraulic,"G6,3 + номинальная сила",left_support,левая опора,0.009481330444755957,-1.5433142152659425,-1.4606562047039255
baseline_g6_3_hydraulic,"G6,3 + номинальная сила",left_support,левая опора,0.009532305339620236,-1.539543286052784,-1.4576018336373264
baseline_g6_3_hydraulic,"G6,3 + номинальная сила",left_support,левая опора,0.009583280234484516,-1.5353905911673467,-1.4541860161931068
baseline_g6_3_hydraulic,"G6,3 + номинальная сила",left_support,левая опора,0.009634255129348795,-1.5308571603672012,-1.4504095994028863
baseline_g6_3_hydraulic,"G6,3 + номинальная сила",left_support,левая опора,0.009685230024213074,-1.525944117822271,-1.4462735197173047
baseline_g6_3_hydraulic,"G6,3 + номинальная сила",left_support,левая опора,0.009736204919077354,-1.520652681836066,-1.4417788027738059
baseline_g6_3_hydraulic,"G6,3 + номинальная сила",left_support,левая опора,0.009787179813941633,-1.5149841645435782,-1.4369265631423096
baseline_g6_3_hydraulic,"G6,3 + номинальная сила",left_support,левая опора,0.009838154708805913,-1.508939971585905,-1.4317180040488249
baseline_g6_3_hydraulic,"G6,3 + номинальная сила",left_support,левая опора,0.009889129603670192,-1.5025216017616905,-1.4261544170770857
baseline_g6_3_hydraulic,"G6,3 + номинальная сила",left_support,левая опора,0.00994010449853447,-1.4957306466554592,-1.4202371818482677
baseline_g6_3_hydraulic,"G6,3 + номинальная сила",left_support,левая опора,0.009991079393398751,-1.4885687902429496,-1.4139677656788838
baseline_g6_3_hydraulic,"G6,3 + номинальная сила",left_support,левая опора,0.01004205428826303,-1.4810378084735318,-1.4073477232169267
baseline_g6_3_hydraulic,"G6,3 + номинальная сила",left_support,левая опора,0.01009302918312731,-1.4731395688298177,-1.4003786960563567
baseline_g6_3_hydraulic,"G6,3 + номинальная сила",left_support,левая опора,0.010144004077991589,-1.4648760298645778,-1.3930624123300324
baseline_g6_3_hydraulic,"G6,3 + номинальная сила",left_support,левая опора,0.010194978972855867,-1.45624924071507,-1.3854006862811776
baseline_g6_3_hydraulic,"G6,3 + номинальная сила",left_support,левая опора,0.010245953867720148,-1.4472613405949102,-1.3773954178134997
baseline_g6_3_hydraulic,"G6,3 + номинальная сила",left_support,левая опора,0.010296928762584426,-1.4379145582636033,-1.369048592020062
baseline_g6_3_hydraulic,"G6,3 + номинальная сила",left_support,левая опора,0.010347903657448707,-1.4282112114738699,-1.360362278691035
baseline_g6_3_hydraulic,"G6,3 + номинальная сила",left_support,левая опора,0.010398878552312986,-1.4181537063969074,-1.3513386318004434
baseline_g6_3_hydraulic,"G6,3 + номинальная сила",left_support,левая опора,0.010449853447177264,-1.40774453702572,-1.3419798889720371
baseline_g6_3_hydraulic,"G6,3 + номинальная сила",left_support,левая опора,0.010500828342041545,-1.396986284556679,-1.3322883709244215
baseline_g6_3_hydraulic,"G6,3 + номинальная сила",left_support,левая опора,0.010551803236905823,-1.3858816167494534,-1.3222664808955809
baseline_g6_3_hydraulic,"G6,3 + номинальная сила",left_support,левая опора,0.010602778131770102,-1.3744332872654756,-1.3119167040469384
baseline_g6_3_hydraulic,"G6,3 + номинальная сила",left_support,левая опора,0.010653753026634382,-1.362644134985108,-1.301241606847103
baseline_g6_3_hydraulic,"G6,3 + номинальная сила",left_support,левая опора,0.010704727921498661,-1.3505170833036764,-1.2902438364354558
baseline_g6_3_hydraulic,"G6,3 + номинальная сила",left_support,левая опора,0.010755702816362941,-1.3380551394065445,-1.278926119965725
baseline_g6_3_hydraulic,"G6,3 + номинальная сила",left_support,левая опора,0.01080667771122722,-1.325261393523416,-1.2672912639297305
baseline_g6_3_hydraulic,"G6,3 + номинальная сила",left_support,левая опора,0.010857652606091499,-1.3121390181620338,-1.2553421534614437
baseline_g6_3_hydraulic,"G6,3 + номинальная сила",left_support,левая опора,0.01090862750095578,-1.298691267321488,-1.2430817516215547
baseline_g6_3_hydraulic,"G6,3 + номинальная сила",left_support,левая опора,0.010959602395820058,-1.2849214756853096,-1.2305130986627106
baseline_g6_3_hydraulic,"G6,3 + номинальная сила",left_support,левая опора,0.011010577290684338,-1.2708330577945557,-1.217639311275614
baseline_g6_3_hydraulic,"G6,3 + номинальная сила",left_support,левая опора,0.011061552185548617,-1.256429507201099,-1.2044635818161689
baseline_g6_3_hydraulic,"G6,3 + номинальная сила",left_support,левая опора,0.011112527080412896,-1.2417143956013141,-1.190989177513857
baseline_g6_3_hydraulic,"G6,3 + номинальная сила",left_support,левая опора,0.011163501975277176,-1.2266913719503967,-1.177219439661557
baseline_g6_3_hydraulic,"G6,3 + номинальная сила",left_support,левая опора,0.011214476870141455,-1.2113641615575195,-1.1631577827869901
baseline_g6_3_hydraulic,"G6,3 + номинальная сила",left_support,левая опора,0.011265451765005733,-1.1957365651620526,-1.1488076938060092
baseline_g6_3_hydraulic,"G6,3 + номинальная сила",left_support,левая опора,0.011316426659870014,-1.179812457991082,-1.1341727311579353
baseline_g6_3_hydraulic,"G6,3 + номинальная сила",left_support,левая опора,0.011367401554734292,-1.1635957887984603,-1.1192565239231629
baseline_g6_3_hydraulic,"G6,3 + номинальная сила",left_support,левая опора,0.011418376449598573,-1.147090578885615,-1.1040627709232407
baseline_g6_3_hydraulic,"G6,3 + номинальная сила",left_support,левая опора,0.011469351344462851,-1.1303009211043795,-1.088595239803666
baseline_g6_3_hydraulic,"G6,3 + номинальная сила",left_support,левая опора,0.01152032623932713,-1.1132309788420698,-1.0728577660996066
baseline_g6_3_hydraulic,"G6,3 + номинальная сила",left_support,левая опора,0.01157130113419141,-1.095884984989077,-1.0568542522847912
baseline_g6_3_hydraulic,"G6,3 + номинальная сила",left_support,левая опора,0.01162227602905569,-1.0782672408892255,-1.040588666803801
baseline_g6_3_hydraulic,"G6,3 + номинальная сила",left_support,левая опора,0.01167325092391997,-1.0603821152731518,-1.0240650430879994
baseline_g6_3_hydraulic,"G6,3 + номинальная сила",left_support,левая опора,0.011724225818784248,-1.0422340431749775,-1.007287478555351
baseline_g6_3_hydraulic,"G6,3 + номинальная сила",left_support,левая опора,0.011775200713648527,-1.023827524832538,-0.9902601335943692
baseline_g6_3_hydraulic,"G6,3 + номинальная сила",left_support,левая опора,0.011826175608512807,-1.0051671245714424,-0.9729872305324498
baseline_g6_3_hydraulic,"G6,3 + номинальная сила",left_support,левая опора,0.011877150503377086,-0.9862574696732473,-0.9554730525888513
baseline_g6_3_hydraulic,"G6,3 + номинальная сила",left_support,левая опора,0.011928125398241365,-0.9671032492280095,-0.9377219428125655
baseline_g6_3_hydraulic,"G6,3 + номинальная сила",left_support,левая опора,0.011979100293105645,-0.9477092129715176,-0.9197383030053592
baseline_g6_3_hydraulic,"G6,3 + номинальная сила",left_support,левая опора,0.012030075187969924,-0.9280801701074868,-0.9015265926302463
baseline_g6_3_hydraulic,"G6,3 + номинальная сила",left_support,левая опора,0.012081050082834204,-0.9082209881150011,-0.8830913277056565
baseline_g6_3_hydraulic,"G6,3 + номинальная сила",left_support,левая опора,0.012132024977698483,-0.8881365915415123,-0.8644370796855871
baseline_g6_3_hydraulic,"G6,3 + номинальная сила",left_support,левая опора,0.012182999872562762,-0.8678319607816792,-0.8455684743260012
baseline_g6_3_hydraulic,"G6,3 + номинальная сила",left_support,левая опора,0.012233974767427042,-0.8473121308423653,-0.8264901905377642
baseline_g6_3_hydraulic,"G6,3 + номинальная сила",left_support,левая опора,0.01228494966229132,-0.826582190094093,-0.8072069592264018
baseline_g6_3_hydraulic,"G6,3 + номинальная сила",left_support,левая опора,0.012335924557155601,-0.8056472790092566,-0.7877235621189552
baseline_g6_3_hydraulic,"G6,3 + номинальная сила",left_support,левая опора,0.01238689945201988,-0.7845125888874317,-0.7680448305782477
baseline_g6_3_hydraulic,"G6,3 + номинальная сила",left_support,левая опора,0.012437874346884158,-0.763183360568064,-0.7481756444048303
baseline_g6_3_hydraulic,"G6,3 + номинальная сила",left_support,левая опора,0.012488849241748439,-0.7416648831308831,-0.7281209306269232
baseline_g6_3_hydraulic,"G6,3 + номинальная сила",left_support,левая опора,0.012539824136612717,-0.719962492584355,-0.7078856622786454
baseline_g6_3_hydraulic,"G6,3 + номинальная сила",left_support,левая опора,0.012590799031476998,-0.6980815705424877,-0.6874748571668314
baseline_g6_3_hydraulic,"G6,3 + номинальная сила",left_support,левая опора,0.012641773926341277,-0.6760275428903416,-0.666893576626754
baseline_g6_3_hydraulic,"G6,3 + номинальная сила",left_support,левая опора,0.012692748821205555,-0.6538058784385493,-0.6461469242670427
baseline_g6_3_hydraulic,"G6,3 + номинальная сила",left_support,левая опора,0.012743723716069836,-0.6314220875671986,-0.6252400447041282
baseline_g6_3_hydraulic,"G6,3 + номинальная сила",left_support,левая опора,0.012794698610934114,-0.6088817208594075,-0.6041781222865158
baseline_g6_3_hydraulic,"G6,3 + номинальная сила",left_support,левая опора,0.012845673505798393,-0.5861903677249216,-0.5829663798092004
baseline_g6_3_hydraulic,"G6,3 + номинальная сила",left_support,левая опора,0.012896648400662673,-0.5633536550140947,-0.5616100772185572
baseline_g6_3_hydraulic,"G6,3 + номинальная сила",left_support,левая опора,0.012947623295526952,-0.5403772456225805,-0.5401145103080152
baseline_g6_3_hydraulic,"G6,3 + номинальная сила",left_support,левая опора,0.012998598190391232,-0.5172668370870803,-0.5184850094048375
baseline_g6_3_hydraulic,"G6,3 + номинальная сила",left_support,левая опора,0.013049573085255511,-0.49402816017251183,-0.49672693804834794
baseline_g6_3_hydraulic,"G6,3 + номинальная сила",left_support,левая опора,0.01310054798011979,-0.47066697745092834,-0.4748456916599117
baseline_g6_3_hydraulic,"G6,3 + номинальная сила",left_support,левая опора,0.01315152287498407,-0.4471890818725553,-0.4528466962050168
baseline_g6_3_hydraulic,"G6,3 + номинальная сила",left_support,левая опора,0.013202497769848349,-0.42360029532929455,-0.43073540684777933
baseline_g6_3_hydraulic,"G6,3 + номинальная сила",left_support,левая опора,0.01325347266471263,-0.3999064672110478,-0.40851730659820706
baseline_g6_3_hydraulic,"G6,3 + номинальная сила",left_support,левая опора,0.013304447559576908,-0.37611347295522984,-0.3861979049525635
baseline_g6_3_hydraulic,"G6,3 + номинальная сила",left_support,левая опора,0.013355422454441187,-0.35222721258980877,-0.3637827365271532
baseline_g6_3_hydraulic,"G6,3 + номинальная сила",left_support,левая опора,0.013406397349305467,-0.32825360927026126,-0.34127735968588874
baseline_g6_3_hydraulic,"G6,3 + номинальная сила",left_support,левая опора,0.013457372244169746,-0.3041986078107872,-0.3186873551619638
baseline_g6_3_hydraulic,"G6,3 + номинальная сила",left_support,левая опора,0.013508347139034024,-0.2800681732101541,-0.2960183246739802
baseline_g6_3_hydraulic,"G6,3 + номинальная сила",left_support,левая опора,0.013559322033898305,-0.25586828917253673,-0.2732758895368714
baseline_g6_3_hydraulic,"G6,3 + номинальная сила",left_support,левая опора,0.013610296928762583,-0.23160495662371736,-0.2504656892679653
baseline_g6_3_hydraulic,"G6,3 + номинальная сила",left_support,левая опора,0.013661271823626864,-0.20728419222301597,-0.2275933801885345
baseline_g6_3_hydraulic,"G6,3 + номинальная сила",left_support,левая опора,0.013712246718491142,-0.18291202687132366,-0.2046646340211835
baseline_g6_3_hydraulic,"G6,3 + номинальная сила",left_support,левая опора,0.013763221613355421,-0.15849450421559252,-0.18168513648340545
baseline_g6_3_hydraulic,"G6,3 + номинальная сила",left_support,левая опора,0.013814196508219702,-0.13403767915017767,-0.1586605858776813
baseline_g6_3_hydraulic,"G6,3 + номинальная сила",left_support,левая опора,0.01386517140308398,-0.10954761631538322,-0.13559669167845084
baseline_g6_3_hydraulic,"G6,3 + номинальная сила",left_support,левая опора,0.01391614629794826,-0.08503038859359278,-0.11249917311631456
baseline_g6_3_hydraulic,"G6,3 + номинальная сила",left_support,левая опора,0.01396712119281254,-0.06049207560336234,-0.08937375775982336
baseline_g6_3_hydraulic,"G6,3 + номинальная сила",left_support,левая опора,0.014018096087676818,-0.03593876219182404,-0.06622618009518115
baseline_g6_3_hydraulic,"G6,3 + номинальная сила",left_support,левая опора,0.014069070982541098,-0.011376536925818715,-0.04306218010425719
baseline_g6_3_hydraulic,"G6,3 + номинальная сила",left_support,левая опора,0.014120045877405377,0.013188509417908206,-0.01988750184122202
baseline_g6_3_hydraulic,"G6,3 + номинальная сила",left_support,левая опора,0.014171020772269657,0.03775028536306309,0.003292107991830769
baseline_g6_3_hydraulic,"G6,3 + номинальная сила",left_support,левая опора,0.014221995667133936,0.06230270024432261,0.02647090146990856
baseline_g6_3_hydraulic,"G6,3 + номинальная сила",left_support,левая опора,0.014272970561998215,0.08683966571765765,0.049643130870453085
baseline_g6_3_hydraulic,"G6,3 + номинальная сила",left_support,левая опора,0.014323945456862495,0.11135509727008165,0.07280305009862344
baseline_g6_3_hydraulic,"G6,3 + номинальная сила",left_support,левая опора,0.014374920351726774,0.13584291572844187,0.09594491611216925
baseline_g6_3_hydraulic,"G6,3 + номинальная сила",left_support,левая опора,0.014425895246591052,0.16029704876689907,0.11906299034555856
baseline_g6_3_hydraulic,"G6,3 + номинальная сила",left_support,левая опора,0.014476870141455333,0.18471143241270382,0.14215154013298997
baseline_g6_3_hydraulic,"G6,3 + номинальная сила",left_support,левая опора,0.014527845036319612,0.20908001254988795,0.16520484012992964
baseline_g6_3_hydraulic,"G6,3 + номинальная сила",left_support,левая опора,0.014578819931183892,0.23339674642053676,0.18821717373285668
baseline_g6_3_hydraulic,"G6,3 + номинальная сила",left_support,левая опора,0.01462979482604817,0.2576556041232258,0.21118283449682193
baseline_g6_3_hydraulic,"G6,3 + номинальная сила",left_support,левая опора,0.01468076972091245,0.2818505701082765,0.23409612755049566
baseline_g6_3_hydraulic,"G6,3 + номинальная сила",left_support,левая опора,0.01473174461577673,0.3059756446694535,0.2569513710083443
baseline_g6_3_hydraulic,"G6,3 + номинальная сила",left_support,левая опора,0.014782719510641008,0.3300248454317261,0.2797428973795827
baseline_g6_3_hydraulic,"G6,3 + номинальная сила",left_support,левая опора,0.014833694405505289,0.3539922088347466,0.30246505497356685
baseline_g6_3_hydraulic,"G6,3 + номинальная сила",left_support,левая опора,0.014884669300369567,0.37787179161164797,0.3251122093012583
baseline_g6_3_hydraulic,"G6,3 + номинальная сила",left_support,левая опора,0.014935644195233846,0.401657672262817,0.34767874447242825
baseline_g6_3_hydraulic,"G6,3 + номинальная сила",left_support,левая опора,0.014986619090098127,0.42534395252426893,0.37015906458824827
baseline_g6_3_hydraulic,"G6,3 + номинальная сила",left_support,левая опора,0.015037593984962405,0.4489247588302587,0.39254759512892423
baseline_g6_3_hydraulic,"G6,3 + номинальная сила",left_support,левая опора,0.015088568879826684,0.4723942437697689,0.41483878433602833
baseline_g6_3_hydraulic,"G6,3 + номинальная сила",left_support,левая опора,0.015139543774690964,0.49574658753651374,0.4370271045891887
baseline_g6_3_hydraulic,"G6,3 + номинальная сила",left_support,левая опора,0.015190518669555243,0.5189759993720896,0.45910705377678623
baseline_g6_3_hydraulic,"G6,3 + номинальная сила",left_support,левая опора,0.015241493564419523,0.5420767190019367,0.48107315666033956
baseline_g6_3_hydraulic,"G6,3 + номинальная сила",left_support,левая опора,0.015292468459283802,0.5650430180637286,0.502919966232213
baseline_g6_3_hydraulic,"G6,3 + номинальная сила",left_support,левая опора,0.01534344335414808,0.5878692015278548,0.5246420650663305
baseline_g6_3_hydraulic,"G6,3 + номинальная сила",left_support,левая опора,0.015394418249012361,0.6105496091096356,0.546234066661552
baseline_g6_3_hydraulic,"G6,3 + номинальная сила",left_support,левая опора,0.01544539314387664,0.633078616672922,0.5676906167773837
baseline_g6_3_hydraulic,"G6,3 + номинальная сила",left_support,левая опора,0.01549636803874092,0.6554506376247325,0.5890063947616867
baseline_g6_3_hydraulic,"G6,3 + номинальная сила",left_support,левая опора,0.015547342933605199,0.6776601243005748,0.6101761148700519
baseline_g6_3_hydraulic,"G6,3 + номинальная сила",left_support,левая опора,0.015598317828469477,0.6997015693401253,0.6311945275765324
baseline_g6_3_hydraulic,"G6,3 + номинальная сила",left_support,левая опора,0.015649292723333756,0.7215695070529032,0.6520564208753794
baseline_g6_3_hydraulic,"G6,3 + номинальная сила",left_support,левая опора,0.01570026761819804,0.7432585147736182,0.6727566215734839
baseline_g6_3_hydraulic,"G6,3 + номинальная сила",left_support,левая опора,0.015751242513062317,0.7647632142068415,0.6932899965731857
baseline_g6_3_hydraulic,"G6,3 + номинальная сила",left_support,левая опора,0.015802217407926596,0.7860782727606879,0.7136514541451519
baseline_g6_3_hydraulic,"G6,3 + номинальная сила",left_support,левая опора,0.015853192302790874,0.8071984048691494,0.7338359451909835
baseline_g6_3_hydraulic,"G6,3 + номинальная сила",left_support,левая опора,0.015904167197655153,0.8281183733027816,0.7538384644952639
baseline_g6_3_hydraulic,"G6,3 + номинальная сила",left_support,левая опора,0.015955142092519435,0.8488329904673894,0.7736540519667124
baseline_g6_3_hydraulic,"G6,3 + номинальная сила",left_support,левая опора,0.016006116987383714,0.8693371196904134,0.7932777938681546
baseline_g6_3_hydraulic,"G6,3 + номинальная сила",left_support,левая опора,0.016057091882247992,0.8896256764946936,0.812704824035004
baseline_g6_3_hydraulic,"G6,3 + номинальная сила",left_support,левая опора,0.01610806677711227,0.909693629859278,0.8319303250819365
baseline_g6_3_hydraulic,"G6,3 + номинальная сила",left_support,левая опора,0.01615904167197655,0.9295360034669843,0.8509495295974747
baseline_g6_3_hydraulic,"G6,3 + номинальная сила",left_support,левая опора,0.01621001656684083,0.9491478769383931,0.8697577213261783
baseline_g6_3_hydraulic,"G6,3 + номинальная сила",left_support,левая опора,0.01626099146170511,0.968524387051972,0.8883502363381518
baseline_g6_3_hydraulic,"G6,3 + номинальная сила",left_support,левая опора,0.01631196635656939,0.9876607289500202,0.9067224641855687
baseline_g6_3_hydraulic,"G6,3 + номинальная сила",left_support,левая опора,0.016362941251433668,1.0065521573301528,0.9248698490459476
baseline_g6_3_hydraulic,"G6,3 + номинальная сила",left_support,левая опора,0.016413916146297947,1.0251939876220026,0.9427878908518701
baseline_g6_3_hydraulic,"G6,3 + номинальная сила",left_support,левая опора,0.016464891041162225,1.043581597148872,0.9604721464068775
baseline_g6_3_hydraulic,"G6,3 + номинальная сила",left_support,левая опора,0.016515865936026507,1.0617104262740333,0.9779182304872672
baseline_g6_3_hydraulic,"G6,3 + номинальная сила",left_support,левая опора,0.016566840830890786,1.079575979531393,0.9951218169295072
baseline_g6_3_hydraulic,"G6,3 + номинальная сила",left_support,левая опора,0.016617815725755065,1.0971738267402538,1.0120786397030141
baseline_g6_3_hydraulic,"G6,3 + номинальная сила",left_support,левая опора,0.016668790620619343,1.1144996041038775,1.0287844939680124
baseline_g6_3_hydraulic,"G6,3 + номинальная сила",left_support,левая опора,0.016719765515483622,1.1315490152915904,1.0452352371182223
baseline_g6_3_hydraulic,"G6,3 + номинальная сила",left_support,левая опора,0.016770740410347904,1.1483178325041605,1.0614267898081173
baseline_g6_3_hydraulic,"G6,3 + номинальная сила",left_support,левая опора,0.016821715305212183,1.164801897522175,1.0773551369644891
baseline_g6_3_hydraulic,"G6,3 + номинальная сила",left_support,левая опора,0.01687269020007646,1.1809971227371714,1.0930163287820838
baseline_g6_3_hydraulic,"G6,3 + номинальная сила",left_support,левая опора,0.01692366509494074,1.1968994921652574,1.108406481703047
baseline_g6_3_hydraulic,"G6,3 + номинальная сила",left_support,левая опора,0.01697463998980502,1.2125050624429616,1.1235217793799395
baseline_g6_3_hydraulic,"G6,3 + номинальная сила",left_support,левая опора,0.0170256148846693,1.2278099638050866,1.1383584736220926
baseline_g6_3_hydraulic,"G6,3 + номинальная сила",left_support,левая опора,0.01707658977953358,1.242810401044306,1.1529128853250568
baseline_g6_3_hydraulic,"G6,3 + номинальная сила",left_support,левая опора,0.01712756467439786,1.2575026544522754,1.167181405382926
baseline_g6_3_hydraulic,"G6,3 + номинальная сила",left_support,левая опора,0.017178539569262137,1.271883080742022,1.1811604955832948
baseline_g6_3_hydraulic,"G6,3 + номинальная сила",left_support,левая опора,0.017229514464126416,1.2859481139513804,1.194846689484644
baseline_g6_3_hydraulic,"G6,3 + номинальная сила",left_support,левая опора,0.017280489358990698,1.2996942663272568,1.2082365932759243
baseline_g6_3_hydraulic,"G6,3 + номинальная сила",left_support,левая опора,0.017331464253854977,1.3131181291904983,1.221326886618129
baseline_g6_3_hydraulic,"G6,3 + номинальная сила",left_support,левая опора,0.017382439148719255,1.326216373781156,1.2341143234676544
baseline_g6_3_hydraulic,"G6,3 + номинальная сила",left_support,левая опора,0.017433414043583534,1.3389857520839281,1.246595732881228
baseline_g6_3_hydraulic,"G6,3 + номинальная сила",left_support,левая опора,0.017484388938447813,1.3514230976335795,1.2587680198022189
baseline_g6_3_hydraulic,"G6,3 + номинальная сила",left_support,левая опора,0.017535363833312095,1.3635253263001432,1.2706281658281302
baseline_g6_3_hydraulic,"G6,3 + номинальная сила",left_support,левая опора,0.017586338728176373,1.3752894370536994,1.2821732299590802
baseline_g6_3_hydraulic,"G6,3 + номинальная сила",left_support,левая опора,0.017637313623040652,1.3867125127085533,1.2934003493270942
baseline_g6_3_hydraulic,"G6,3 + номинальная сила",left_support,левая опора,0.01768828851790493,1.3977917206466193,1.304306739906019
baseline_g6_3_hydraulic,"G6,3 + номинальная сила",left_support,левая опора,0.01773926341276921,1.4085243135198315,1.3148896972018844
baseline_g6_3_hydraulic,"G6,3 + номинальная сила",left_support,левая опора,0.017790238307633488,1.418907629931419,1.3251465969235519
baseline_g6_3_hydraulic,"G6,3 + номинальная сила",left_support,левая опора,0.01784121320249777,1.4289390950958545,1.3350748956334613
baseline_g6_3_hydraulic,"G6,3 + номинальная сила",left_support,левая опора,0.01789218809736205,1.4386162214773357,1.344672131378339
baseline_g6_3_hydraulic,"G6,3 + номинальная сила",left_support,левая опора,0.017943162992226327,1.4479366094066282,1.3539359242996982
baseline_g6_3_hydraulic,"G6,3 + номинальная сила",left_support,левая опора,0.017994137887090606,1.4568979476761188,1.3628639772239781
baseline_g6_3_hydraulic,"G6,3 + номинальная сила",left_support,левая опора,0.018045112781954885,1.4654980141129337,1.3714540762321823
baseline_g6_3_hydraulic,"G6,3 + номинальная сила",left_support,левая опора,0.018096087676819167,1.473734676129977,1.379704091208872
baseline_g6_3_hydraulic,"G6,3 + номинальная сила",left_support,левая опора,0.018147062571683446,1.4816058912547563,1.3876119763703765
baseline_g6_3_hydraulic,"G6,3 + номинальная сила",left_support,левая опора,0.018198037466547724,1.4891097076358615,1.3951757707720946
baseline_g6_3_hydraulic,"G6,3 + номинальная сила",left_support,левая опора,0.018249012361412003,1.4962442645269722,1.4023935987947567
baseline_g6_3_hydraulic,"G6,3 + номинальная сила",left_support,левая опора,0.01829998725627628,1.503007792748272,1.4092636706095265
baseline_g6_3_hydraulic,"G6,3 + номинальная сила",left_support,левая опора,0.018350962151140564,1.5093986151251584,1.4157842826218328
baseline_g6_3_hydraulic,"G6,3 + номинальная сила",left_support,левая опора,0.018401937046004842,1.5154151469041377,1.4219538178938136
baseline_g6_3_hydraulic,"G6,3 + номинальная сила",left_support,левая опора,0.01845291194086912,1.5210558961458018,1.427770746545275
baseline_g6_3_hydraulic,"G6,3 + номинальная сила",left_support,левая опора,0.0185038868357334,1.5263194640947886,1.433233626133061
baseline_g6_3_hydraulic,"G6,3 + номинальная сила",left_support,левая опора,0.01855486173059768,1.5312045455266368,1.4383411020087393
baseline_g6_3_hydraulic,"G6,3 + номинальная сила",left_support,левая опора,0.01860583662546196,1.5357099290714455,1.4430919076545194
baseline_g6_3_hydraulic,"G6,3 + номинальная сила",left_support,левая опора,0.01865681152032624,1.5398344975142637,1.4474848649973144
baseline_g6_3_hydraulic,"G6,3 + номинальная сила",left_support,левая опора,0.018707786415190518,1.5435772280721276,1.4515188847008722
baseline_g6_3_hydraulic,"G6,3 + номинальная сила",left_support,левая опора,0.018758761310054797,1.5469371926476845,1.4551929664359013
baseline_g6_3_hydraulic,"G6,3 + номинальная сила",left_support,левая опора,0.018809736204919075,1.5499135580593377,1.458506199128127
baseline_g6_3_hydraulic,"G6,3 + номинальная сила",left_support,левая опора,0.018860711099783357,1.5525055862478498,1.4614577611842117
baseline_g6_3_hydraulic,"G6,3 + номинальная сила",left_support,левая опора,0.018911685994647636,1.5547126344593645,1.4640469206954894
baseline_g6_3_hydraulic,"G6,3 + номинальная сила",left_support,левая опора,0.018962660889511915,1.556534155404792,1.4662730356194598
baseline_g6_3_hydraulic,"G6,3 + номинальная сила",left_support,левая опора,0.019013635784376193,1.5579696973955213,1.468135553938996
baseline_g6_3_hydraulic,"G6,3 + номинальная сила",left_support,левая опора,0.019064610679240472,1.5590189044554275,1.4696340137992323
baseline_g6_3_hydraulic,"G6,3 + номинальная сила",left_support,левая опора,0.019115585574104754,1.5596815164091438,1.47076804362209
baseline_g6_3_hydraulic,"G6,3 + номинальная сила",left_support,левая опора,0.019166560468969033,1.5599573689465793,1.4715373621984198
baseline_g6_3_hydraulic,"G6,3 + номинальная сила",left_support,левая опора,0.01921753536383331,1.5598463936636624,1.4719417787577342
baseline_g6_3_hydraulic,"G6,3 + номинальная сила",left_support,левая опора,0.01926851025869759,1.5593486180793028,1.4719811930155131
baseline_g6_3_hydraulic,"G6,3 + номинальная сила",left_support,левая опора,0.01931948515356187,1.5584641656285692,1.4716555951980717
baseline_g6_3_hydraulic,"G6,3 + номинальная сила",left_support,левая опора,0.019370460048426148,1.5571932556320787,1.4709650660449842
baseline_g6_3_hydraulic,"G6,3 + номинальная сила",left_support,левая опора,0.01942143494329043,1.5555362032416133,1.4699097767890632
baseline_g6_3_hydraulic,"G6,3 + номинальная сила",left_support,левая опора,0.01947240983815471,1.5534934193619687,1.4684899891138974
baseline_g6_3_hydraulic,"G6,3 + номинальная сила",left_support,левая опора,0.019523384733018987,1.5510654105490624,1.4667060550889612
baseline_g6_3_hydraulic,"G6,3 + номинальная сила",left_support,левая опора,0.019574359627883266,1.54825277888432,1.4645584170823127
baseline_g6_3_hydraulic,"G6,3 + номинальная сила",left_support,левая опора,0.019625334522747544,1.5450562218253756,1.4620476076508953
baseline_g6_3_hydraulic,"G6,3 + номинальная сила",left_support,левая опора,0.019676309417611827,1.541476532033121,1.459174249408479
baseline_g6_3_hydraulic,"G6,3 + номинальная сила",left_support,левая опора,0.019727284312476105,1.5375145971751485,1.4559390548712712
baseline_g6_3_hydraulic,"G6,3 + номинальная сила",left_support,левая опора,0.019778259207340384,1.5331713997056293,1.452342826281227
baseline_g6_3_hydraulic,"G6,3 + номинальная сила",left_support,левая опора,0.019829234102204663,1.5284480166216945,1.4483864554071186
baseline_g6_3_hydraulic,"G6,3 + номинальная сила",left_support,левая опора,0.01988020899706894,1.5233456191963668,1.4440709233233986
baseline_g6_3_hydraulic,"G6,3 + номинальная сила",left_support,левая опора,0.019931183891933223,1.5178654726881164,1.4393973001669196
baseline_g6_3_hydraulic,"G6,3 + номинальная сила",left_support,левая опора,0.019982158786797502,1.5120089360271118,1.4343667448715702
baseline_g6_3_hydraulic,"G6,3 + номинальная сила",left_support,левая опора,0.02003313368166178,1.5057774614782389,1.4289805048808886
baseline_g6_3_hydraulic,"G6,3 + номинальная сила",left_support,левая опора,0.02008410857652606,1.4991725942809804,1.423239915838731
baseline_g6_3_hydraulic,"G6,3 + номинальная сила",left_support,левая опора,0.020135083471390338,1.4921959722662361,1.4171464012580663
baseline_g6_3_hydraulic,"G6,3 + номинальная сила",left_support,левая опора,0.02018605836625462,1.484849325450185,1.410701472167985
baseline_g6_3_hydraulic,"G6,3 + номинальная сила",left_support,левая опора,0.0202370332611189,1.4771344756052889,1.4039067267390026
baseline_g6_3_hydraulic,"G6,3 + номинальная сила",left_support,левая опора,0.020288008155983177,1.4690533358085385,1.396763849886756
baseline_g6_3_hydraulic,"G6,3 + номинальная сила",left_support,левая опора,0.020338983050847456,1.4606079099670635,1.3892746128541897
baseline_g6_3_hydraulic,"G6,3 + номинальная сила",right_support,правая опора,0.0,-0.32325570566084444,-0.30832336424046997
baseline_g6_3_hydraulic,"G6,3 + номинальная сила",right_support,правая опора,5.097489486427934e-05,-0.3176908261936567,-0.30297786730474874
baseline_g6_3_hydraulic,"G6,3 + номинальная сила",right_support,правая опора,0.00010194978972855868,-0.3120471678750151,-0.29755723993895433
baseline_g6_3_hydraulic,"G6,3 + номинальная сила",right_support,правая опора,0.000152924684592838,-0.30632613018165517,-0.29206282631409475
baseline_g6_3_hydraulic,"G6,3 + номинальная сила",right_support,правая опора,0.00020389957945711736,-0.3005291317783335,-0.28649598889820216
baseline_g6_3_hydraulic,"G6,3 + номинальная сила",right_support,правая опора,0.0002548744743213967,-0.2946576101660367,-0.280858108118477
baseline_g6_3_hydraulic,"G6,3 + номинальная сила",right_support,правая опора,0.000305849369185676,-0.28871302132551957,-0.2751505820189793
baseline_g6_3_hydraulic,"G6,3 + номинальная сила",right_support,правая опора,0.0003568242640499554,-0.28269683935626055,-0.2693748259139506
baseline_g6_3_hydraulic,"G6,3 + номинальная сила",right_support,правая опора,0.0004077991589142347,-0.27661055611092455,-0.26353227203685436
baseline_g6_3_hydraulic,"G6,3 + номинальная сила",right_support,правая опора,0.00045877405377851404,-0.2704556808254233,-0.25762436918521947
baseline_g6_3_hydraulic,"G6,3 + номинальная сила",right_support,правая опора,0.0005097489486427934,-0.2642337397446649,-0.2516525823613777
baseline_g6_3_hydraulic,"G6,3 + номинальная сила",right_support,правая опора,0.0005607238435070727,-0.25794627574408585,-0.24561839240918207
baseline_g6_3_hydraulic,"G6,3 + номинальная сила",right_support,правая опора,0.000611698738371352,-0.2515948479470593,-0.2395232956467969
baseline_g6_3_hydraulic,"G6,3 + номинальная сила",right_support,правая опора,0.0006626736332356314,-0.24518103133827363,-0.23336880349565103
baseline_g6_3_hydraulic,"G6,3 + номинальная сила",right_support,правая опора,0.0007136485280999108,-0.23870641637317874,-0.2271564421056454
baseline_g6_3_hydraulic,"G6,3 + номинальная сила",right_support,правая опора,0.0007646234229641901,-0.23217260858359523,-0.22088775197670885
baseline_g6_3_hydraulic,"G6,3 + номинальная сила",right_support,правая опора,0.0008155983178284694,-0.22558122817958529,-0.21456428757679497
baseline_g6_3_hydraulic,"G6,3 + номинальная сила",right_support,правая опора,0.0008665732126927488,-0.21893390964768406,-0.20818761695641566
baseline_g6_3_hydraulic,"G6,3 + номинальная сила",right_support,правая опора,0.0009175481075570281,-0.2122323013455902,-0.20175932135980637
baseline_g6_3_hydraulic,"G6,3 + номинальная сила",right_support,правая опора,0.0009685230024213075,-0.2054780650934175,-0.19528099483281963
baseline_g6_3_hydraulic,"G6,3 + номинальная сила",right_support,правая опора,0.0010194978972855868,-0.19867287576160786,-0.1887542438276445
baseline_g6_3_hydraulic,"G6,3 + номинальная сила",right_support,правая опора,0.0010704727921498661,-0.1918184208556075,-0.1821806868044488
baseline_g6_3_hydraulic,"G6,3 + номинальная сила",right_support,правая опора,0.0011214476870141455,-0.1849164000974114,-0.1755619538300446
baseline_g6_3_hydraulic,"G6,3 + номинальная сила",right_support,правая опора,0.0011724225818784248,-0.17796852500407692,-0.16889968617367482
baseline_g6_3_hydraulic,"G6,3 + номинальная сила",right_support,правая опора,0.001223397476742704,-0.17097651846331374,-0.16219553590002236
baseline_g6_3_hydraulic,"G6,3 + номинальная сила",right_support,правая опора,0.0012743723716069834,-0.16394211430625333,-0.15545116545954224
baseline_g6_3_hydraulic,"G6,3 + номинальная сила",right_support,правая опора,0.0013253472664712627,-0.15686705687750516,-0.14866824727621794
baseline_g6_3_hydraulic,"G6,3 + номинальная сила",right_support,правая опора,0.0013763221613355423,-0.14975310060260577,-0.14184846333284512
baseline_g6_3_hydraulic,"G6,3 + номинальная сила",right_support,правая опора,0.0014272970561998216,-0.14260200955296815,-0.13499350475394464
baseline_g6_3_hydraulic,"G6,3 + номинальная сила",right_support,правая опора,0.001478271951064101,-0.1354155570084388,-0.1281050713864087
baseline_g6_3_hydraulic,"G6,3 + номинальная сила",right_support,правая опора,0.0015292468459283802,-0.12819552501757184,-0.12118487137798437
baseline_g6_3_hydraulic,"G6,3 + номинальная сила",right_support,правая опора,0.0015802217407926596,-0.12094370395572862,-0.11423462075369836
baseline_g6_3_hydraulic,"G6,3 + номинальная сила",right_support,правая опора,0.0016311966356569389,-0.11366189208111196,-0.10725604299032852
baseline_g6_3_hydraulic,"G6,3 + номинальная сила",right_support,правая опора,0.0016821715305212182,-0.10635189508884647,-0.10025086858902774
baseline_g6_3_hydraulic,"G6,3 + номинальная сила",right_support,правая опора,0.0017331464253854975,-0.0990155256632142,-0.09322083464620567
baseline_g6_3_hydraulic,"G6,3 + номинальная сила",right_support,правая опора,0.0017841213202497768,-0.09165460302815717,-0.08616768442277521
baseline_g6_3_hydraulic,"G6,3 + номинальная сила",right_support,правая опора,0.0018350962151140562,-0.0842709524961586,-0.07909316691187039
baseline_g6_3_hydraulic,"G6,3 + номинальная сила",right_support,правая опора,0.0018860711099783355,-0.07686640501561384,-0.07199903640514248
baseline_g6_3_hydraulic,"G6,3 + номинальная сила",right_support,правая опора,0.001937046004842615,-0.06944279671680408,-0.06488705205774264
baseline_g6_3_hydraulic,"G6,3 + номинальная сила",right_support,правая опора,0.001988020899706894,-0.06200196845658532,-0.05775897745209852
baseline_g6_3_hydraulic,"G6,3 + номинальная сила",right_support,правая опора,0.0020389957945711737,-0.05454576536190424,-0.050616580160592256
baseline_g6_3_hydraulic,"G6,3 + номинальная сила",right_support,правая опора,0.0020899706894354528,-0.047076036372256755,-0.04346163130725039
baseline_g6_3_hydraulic,"G6,3 + номинальная сила",right_support,правая опора,0.0021409455842997323,-0.0395946337811999,-0.03629590512855194
baseline_g6_3_hydraulic,"G6,3 + номинальная сила",right_support,правая опора,0.002191920479164012,-0.03210341277703249,-0.02912117853346519
baseline_g6_3_hydraulic,"G6,3 + номинальная сила",right_support,правая опора,0.002242895374028291,-0.024604230982757835,-0.02193923066282151
baseline_g6_3_hydraulic,"G6,3 + номинальная сила",right_support,правая опора,0.0022938702688925705,-0.017098947995442898,-0.014751842448136036
baseline_g6_3_hydraulic,"G6,3 + номинальная сила",right_support,правая опора,0.0023448451637568496,-0.00958942492508789,-0.007560796169984306
baseline_g6_3_hydraulic,"G6,3 + номинальная сила",right_support,правая опора,0.002395820058621129,-0.0020775239331203253,-0.00036787501604371425
baseline_g6_3_hydraulic,"G6,3 + номинальная сила",right_support,правая опора,0.002446794953485408,0.005434892229371032,0.0068251373610888795
baseline_g6_3_hydraulic,"G6,3 + номинальная сила",right_support,правая опора,0.0024977698483496878,0.01294596068354874,0.014016457286195808
baseline_g6_3_hydraulic,"G6,3 + номинальная сила",right_support,правая опора,0.002548744743213967,0.02045381888477134,0.021204301503742393
baseline_g6_3_hydraulic,"G6,3 + номинальная сила",right_support,правая опора,0.0025997196380782464,0.02795660508445423,0.028386887620076667
baseline_g6_3_hydraulic,"G6,3 + номинальная сила",right_support,правая опора,0.0026506945329425255,0.03545245879173414,0.03556243454541558
baseline_g6_3_hydraulic,"G6,3 + номинальная сила",right_support,правая опора,0.002701669427806805,0.042939521234820796,0.0427291629355076
baseline_g6_3_hydraulic,"G6,3 + номинальная сила",right_support,правая опора,0.0027526443226710846,0.05041593582192322,0.04988529563286292
baseline_g6_3_hydraulic,"G6,3 + номинальная сила",right_support,правая опора,0.0028036192175353637,0.05787984860163434,0.05702905810744065
baseline_g6_3_hydraulic,"G6,3 + номинальная сила",right_support,правая опора,0.002854594112399643,0.06532940872266225,0.06415867889668542
baseline_g6_3_hydraulic,"G6,3 + номинальная сила",right_support,правая опора,0.0029055690072639223,0.07276276889279135,0.07127239004480256
baseline_g6_3_hydraulic,"G6,3 + номинальная сила",right_support,правая опора,0.002956543902128202,0.08017808583696197,0.07836842754116416
baseline_g6_3_hydraulic,"G6,3 + номинальная сила",right_support,правая опора,0.003007518796992481,0.0875735207543529,0.08544503175773635
baseline_g6_3_hydraulic,"G6,3 + номинальная сила",right_support,правая опора,0.0030584936918567605,0.09494723977435576,0.09250044788542049
baseline_g6_3_hydraulic,"G6,3 + номинальная сила",right_support,правая опора,0.0031094685867210396,0.10229741441132502,0.09953292636919875
baseline_g6_3_hydraulic,"G6,3 + номинальная сила",right_support,правая опора,0.003160443481585319,0.10962222201799457,0.10654072334197745
baseline_g6_3_hydraulic,"G6,3 + номинальная сила",right_support,правая опора,0.0032114183764495982,0.11691984623744486,0.11352210105701886
baseline_g6_3_hydraulic,"G6,3 + номинальная сила",right_support,правая опора,0.0032623932713138778,0.12418847745351175,0.120475328318857
baseline_g6_3_hydraulic,"G6,3 + номинальная сила",right_support,правая опора,0.0033133681661781573,0.13142631323952234,0.12739868091258721
baseline_g6_3_hydraulic,"G6,3 + номинальная сила",right_support,правая опора,0.0033643430610424364,0.1386315588052489,0.1342904420314256
baseline_g6_3_hydraulic,"G6,3 + номинальная сила",right_support,правая опора,0.003415317955906716,0.1458024274419695,0.14114890270243177
baseline_g6_3_hydraulic,"G6,3 + номинальная сила",right_support,правая опора,0.003466292850770995,0.15293714096552335,0.14797236221028787
baseline_g6_3_hydraulic,"G6,3 + номинальная сила",right_support,правая опора,0.0035172677456352746,0.16003393015725362,0.1547591285190312
baseline_g6_3_hydraulic,"G6,3 + номинальная сила",right_support,правая опора,0.0035682426404995537,0.167091035202726,0.16150751869163357
baseline_g6_3_hydraulic,"G6,3 + номинальная сила",right_support,правая опора,0.0036192175353638332,0.1741067061281163,0.1682158593073252
baseline_g6_3_hydraulic,"G6,3 + номинальная сила",right_support,правая опора,0.0036701924302281123,0.18107920323415677,0.174882486876558
baseline_g6_3_hydraulic,"G6,3 + номинальная сила",right_support,правая опора,0.003721167325092392,0.18800679752753546,0.18150574825350702
baseline_g6_3_hydraulic,"G6,3 + номинальная сила",right_support,правая опора,0.003772142219956671,0.19488777114964004,0.1880840010460061
baseline_g6_3_hydraulic,"G6,3 + номинальная сила",right_support,правая опора,0.0038231171148209505,0.20172041780254168,0.19461561402281796
baseline_g6_3_hydraulic,"G6,3 + номинальная сила",right_support,правая опора,0.00387409200968523,0.20850304317211046,0.20109896751813508
baseline_g6_3_hydraulic,"G6,3 + номинальная сила",right_support,правая опора,0.00392506690454951,0.21523396534816083,0.20753245383321473
baseline_g6_3_hydraulic,"G6,3 + номинальная сила",right_support,правая опора,0.003976041799413788,0.22191151524151986,0.2139144776350442
baseline_g6_3_hydraulic,"G6,3 + номинальная сила",right_support,правая опора,0.004027016694278068,0.22853403699791788,0.22024345635194228
baseline_g6_3_hydraulic,"G6,3 + номинальная сила",right_support,правая опора,0.004077991589142347,0.23509988840859491,0.22651782056599332
baseline_g6_3_hydraulic,"G6,3 + номинальная сила",right_support,правая опора,0.004128966484006627,0.2416074413175252,0.23273601440222197
baseline_g6_3_hydraulic,"G6,3 + номинальная сила",right_support,правая опора,0.0041799413788709055,0.24805508202515664,0.23889649591440817
baseline_g6_3_hydraulic,"G6,3 + номинальная сила",right_support,правая опора,0.004230916273735185,0.2544412116885651,0.2449977374674494
baseline_g6_3_hydraulic,"G6,3 + номинальная сила",right_support,правая опора,0.004281891168599465,0.2607642467179249,0.2510382261161726
baseline_g6_3_hydraulic,"G6,3 + номинальная сила",right_support,правая опора,0.004332866063463744,0.26702261916919645,0.2570164639805046
baseline_g6_3_hydraulic,"G6,3 + номинальная сила",right_support,правая опора,0.004383840958328024,0.27321477713293507,0.2629309686169065
baseline_g6_3_hydraulic,"G6,3 + номинальная сила",right_support,правая опора,0.004434815853192302,0.2793391851191226,0.2687802733859799
baseline_g6_3_hydraulic,"G6,3 + номинальная сила",right_support,правая опора,0.004485790748056582,0.28539432443792884,0.2745629278161547
baseline_g6_3_hydraulic,"G6,3 + номинальная сила",right_support,правая опора,0.004536765642920861,0.2913786935763052,0.2802774979633671
baseline_g6_3_hydraulic,"G6,3 + номинальная сила",right_support,правая опора,0.004587740537785141,0.29729080857032025,0.28592256676663935
baseline_g6_3_hydraulic,"G6,3 + номинальная сила",right_support,правая опора,0.00463871543264942,0.3031292033731432,0.2914967343994733
baseline_g6_3_hydraulic,"G6,3 + номинальная сила",right_support,правая опора,0.004689690327513699,0.3088924302185846,0.29699861861697024
baseline_g6_3_hydraulic,"G6,3 + номинальная сила",right_support,правая опора,0.004740665222377979,0.3145790599801034,0.3024268550985904
baseline_g6_3_hydraulic,"G6,3 + номинальная сила",right_support,правая опора,0.004791640117242258,0.3201876825251924,0.30778009778646803
baseline_g6_3_hydraulic,"G6,3 + номинальная сила",right_support,правая опора,0.004842615012106537,0.3257169070650534,0.31305701921919804
baseline_g6_3_hydraulic,"G6,3 + номинальная сила",right_support,правая опора,0.004893589906970816,0.331165362499476,0.31825631086101114
baseline_g6_3_hydraulic,"G6,3 + номинальная сила",right_support,правая опора,0.004944564801835096,0.33653169775683334,0.3233766834262554
baseline_g6_3_hydraulic,"G6,3 + номинальная сила",right_support,правая опора,0.0049955396966993755,0.3418145821291125,0.32841686719910534
baseline_g6_3_hydraulic,"G6,3 + номинальная сила",right_support,правая опора,0.005046514591563655,0.3470127056018941,0.33337561234841684
baseline_g6_3_hydraulic,"G6,3 + номинальная сила",right_support,правая опора,0.005097489486427934,0.35212477917920115,0.3382516892376522
baseline_g6_3_hydraulic,"G6,3 + номинальная сила",right_support,правая опора,0.005148464381292213,0.35714953520313547,0.3430438887297978
baseline_g6_3_hydraulic,"G6,3 + номинальная сила",right_support,правая опора,0.005199439276156493,0.3620857276682234,0.34775102248719686
baseline_g6_3_hydraulic,"G6,3 + номинальная сила",right_support,правая опора,0.005250414171020772,0.3669321325303916,0.35237192326622624
baseline_g6_3_hydraulic,"G6,3 + номинальная сила",right_support,правая опора,0.005301389065885051,0.3716875480104974,0.3569054452067411
baseline_g6_3_hydraulic,"G6,3 + номинальная сила",right_support,правая опора,0.0053523639607493305,0.37635079489233814,0.3613504641162183
baseline_g6_3_hydraulic,"G6,3 + номинальная сила",right_support,правая опора,0.00540333885561361,0.380920716815065,0.36570587774852575
baseline_g6_3_hydraulic,"G6,3 + номинальная сила",right_support,правая опора,0.00545431375047789,0.3853961805599301,0.36997060607725
baseline_g6_3_hydraulic,"G6,3 + номинальная сила",right_support,правая опора,0.005505288645342169,0.38977607633129424,0.37414359156351457
baseline_g6_3_hydraulic,"G6,3 + номинальная сила",right_support,правая опора,0.005556263540206448,0.39405931803182637,0.3782237994182202
baseline_g6_3_hydraulic,"G6,3 + номинальная сила",right_support,правая опора,0.005607238435070727,0.3982448435318275,0.3822102178586464
baseline_g6_3_hydraulic,"G6,3 + номинальная сила",right_support,правая опора,0.005658213329935007,0.4023316149326098,0.3861018583593455
baseline_g6_3_hydraulic,"G6,3 + номинальная сила",right_support,правая опора,0.005709188224799286,0.40631861882386805,0.38989775589727116
baseline_g6_3_hydraulic,"G6,3 + номинальная сила",right_support,правая опора,0.005760163119663565,0.4102048665349786,0.393596969191078
baseline_g6_3_hydraulic,"G6,3 + номинальная сила",right_support,правая опора,0.005811138014527845,0.4139893943801631,0.39719858093453464
baseline_g6_3_hydraulic,"G6,3 + номинальная сила",right_support,правая опора,0.005862112909392124,0.4176712638974565,0.40070169802399064
baseline_g6_3_hydraulic,"G6,3 + номинальная сила",right_support,правая опора,0.005913087804256404,0.4212495620814215,0.4041054517798428
baseline_g6_3_hydraulic,"G6,3 + номинальная сила",right_support,правая опора,0.005964062699120682,0.4247234016095486,0.4074089981619446
baseline_g6_3_hydraulic,"G6,3 + номинальная сила",right_support,правая опора,0.006015037593984962,0.4280919210622891,0.4106115179789055
baseline_g6_3_hydraulic,"G6,3 + номинальная сила",right_support,правая опора,0.0060660124888492414,0.4313542851366638,0.4137122170912283
baseline_g6_3_hydraulic,"G6,3 + номинальная сила",right_support,правая опора,0.006116987383713521,0.43450968485339586,0.416710326608235
baseline_g6_3_hydraulic,"G6,3 + номинальная сила",right_support,правая опора,0.0061679622785778005,0.4375573377575162,0.4196051030787307
baseline_g6_3_hydraulic,"G6,3 + номинальная сила",right_support,правая опора,0.006218937173442079,0.4404964881123918,0.4223958286753603
baseline_g6_3_hydraulic,"G6,3 + номинальная сила",right_support,правая опора,0.006269912068306359,0.4433264070871274,0.42508181137261003
baseline_g6_3_hydraulic,"G6,3 + номинальная сила",right_support,правая опора,0.006320886963170638,0.44604639293729687,0.42766238511841137
baseline_g6_3_hydraulic,"G6,3 + номинальная сила",right_support,правая опора,0.006371861858034918,0.4486557711789566,0.4301369099993044
baseline_g6_3_hydraulic,"G6,3 + номинальная сила",right_support,правая опора,0.0064228367528991965,0.4511538947559001,0.43250477239911894
baseline_g6_3_hydraulic,"G6,3 + номинальная сила",right_support,правая опора,0.006473811647763476,0.45354014420011024,0.43476538515113566
baseline_g6_3_hydraulic,"G6,3 + номинальная сила",right_support,правая опора,0.0065247865426277555,0.4558139277853708,0.436918187683687
baseline_g6_3_hydraulic,"G6,3 + номинальная сила",right_support,правая опора,0.006575761437492035,0.45797468167399874,0.43896264615916436
baseline_g6_3_hydraulic,"G6,3 + номинальная сила",right_support,правая опора,0.006626736332356315,0.46002187005666156,0.4408982536063955
baseline_g6_3_hydraulic,"G6,3 + номинальная сила",right_support,правая опора,0.006677711227220593,0.46195498528524265,0.44272453004636014
baseline_g6_3_hydraulic,"G6,3 + номинальная сила",right_support,правая опора,0.006728686122084873,0.4637735479987255,0.4444410226112114
baseline_g6_3_hydraulic,"G6,3 + номинальная сила",right_support,правая опора,0.006779661016949152,0.4654771072420617,0.4460473056565754
baseline_g6_3_hydraulic,"G6,3 + номинальная сила",right_support,правая опора,0.006830635911813432,0.46706524057799637,0.44754298086710004
baseline_g6_3_hydraulic,"G6,3 + номинальная сила",right_support,правая опора,0.0068816108066777106,0.46853755419182075,0.4489276773552253
baseline_g6_3_hydraulic,"G6,3 + номинальная сила",right_support,правая опора,0.00693258570154199,0.469893682989028,0.45020105175315484
baseline_g6_3_hydraulic,"G6,3 + номинальная сила",right_support,правая опора,0.00698356059640627,0.47113329068584725,0.4513627882980014
baseline_g6_3_hydraulic,"G6,3 + номинальная сила",right_support,правая опора,0.007034535491270549,0.4722560698926324,0.4524125989100877
baseline_g6_3_hydraulic,"G6,3 + номинальная сила",right_support,правая опора,0.007085510386134829,0.47326174219008693,0.45335022326438246
baseline_g6_3_hydraulic,"G6,3 + номинальная сила",right_support,правая опора,0.007136485280999107,0.4741500581983043,0.45417542885505413
baseline_g6_3_hydraulic,"G6,3 + номинальная сила",right_support,правая опора,0.007187460175863387,0.4749207976386076,0.454888011053126
baseline_g6_3_hydraulic,"G6,3 + номинальная сила",right_support,правая опора,0.0072384350707276664,0.47557376938817286,0.4554877931572189
baseline_g6_3_hydraulic,"G6,3 + номинальная сила",right_support,правая опора,0.007289409965591946,0.4761088115274222,0.4559746264373686
baseline_g6_3_hydraulic,"G6,3 + номинальная сила",right_support,правая опора,0.007340384860456225,0.4765257913801756,0.4563483901719061
baseline_g6_3_hydraulic,"G6,3 + номинальная сила",right_support,правая опора,0.007391359755320504,0.4768246055465514,0.45660899167739455
baseline_g6_3_hydraulic,"G6,3 + номинальная сила",right_support,правая опора,0.007442334650184784,0.47700517992860636,0.45675636633161126
baseline_g6_3_hydraulic,"G6,3 + номинальная сила",right_support,правая опора,0.007493309545049063,0.4770674697487098,0.45679047758957264
baseline_g6_3_hydraulic,"G6,3 + номинальная сила",right_support,правая опора,0.007544284439913342,0.47701145956064783,0.4567113169925967
baseline_g6_3_hydraulic,"G6,3 + номинальная сила",right_support,правая опора,0.0075952593347776215,0.47683716325345316,0.4565189041704001
baseline_g6_3_hydraulic,"G6,3 + номинальная сила",right_support,правая опора,0.007646234229641901,0.4765446240479613,0.4562132868362305
baseline_g6_3_hydraulic,"G6,3 + номинальная сила",right_support,правая опора,0.0076972091245061805,0.47613391448609244,0.4557945407750356
baseline_g6_3_hydraulic,"G6,3 + номинальная сила",right_support,правая опора,0.00774818401937046,0.47560513641286345,0.45526276982466973
baseline_g6_3_hydraulic,"G6,3 + номинальная сила",right_support,правая опора,0.007799158914234739,0.4749584209511331,0.4546181058501451
baseline_g6_3_hydraulic,"G6,3 + номинальная сила",right_support,правая опора,0.00785013380909902,0.4741939284690867,0.4538607087109331
baseline_g6_3_hydraulic,"G6,3 + номинальная сила",right_support,правая опора,0.007901108703963298,0.4733118485404691,0.4529907662213228
baseline_g6_3_hydraulic,"G6,3 + номинальная сила",right_support,правая опора,0.007952083598827576,0.47231239989757595,0.4520084941038487
baseline_g6_3_hydraulic,"G6,3 + номинальная сила",right_support,правая опора,0.008003058493691857,0.47119583037701335,0.4509141359357966
baseline_g6_3_hydraulic,"G6,3 + номинальная сила",right_support,правая опора,0.008054033388556136,0.4699624168582413,0.44970796308880373
baseline_g6_3_hydraulic,"G6,3 + номинальная сила",right_support,правая опора,0.008105008283420414,0.4686124651949149,0.44839027466156484
baseline_g6_3_hydraulic,"G6,3 + номинальная сила",right_support,правая опора,0.008155983178284695,0.46714631013904073,0.4469613974056648
baseline_g6_3_hydraulic,"G6,3 + номинальная сила",right_support,правая опора,0.008206958073148973,0.46556431525796743,0.4454216856445519
baseline_g6_3_hydraulic,"G6,3 + номинальная сила",right_support,правая опора,0.008257932968013254,0.46386687284423045,0.4437715211856758
baseline_g6_3_hydraulic,"G6,3 + номинальная сила",right_support,правая опора,0.008308907862877532,0.4620544038182745,0.44201131322580933
baseline_g6_3_hydraulic,"G6,3 + номинальная сила",right_support,правая опора,0.008359882757741811,0.46012735762407575,0.44014149824957804
baseline_g6_3_hydraulic,"G6,3 + номинальная сила",right_support,правая опора,0.008410857652606091,0.4580862121176921,0.43816253992122445
baseline_g6_3_hydraulic,"G6,3 + номинальная сила",right_support,правая опора,0.00846183254747037,0.4559314734487681,0.43607492896963146
baseline_g6_3_hydraulic,"G6,3 + номинальная сила",right_support,правая опора,0.00851280744233465,0.45366367593502216,0.43387918306663403
baseline_g6_3_hydraulic,"G6,3 + номинальная сила",right_support,правая опора,0.00856378233719893,0.45128338192975115,0.43157584669865146
baseline_g6_3_hydraulic,"G6,3 + номинальная сила",right_support,правая опора,0.008614757232063208,0.44879118168238125,0.4291654910316684
baseline_g6_3_hydraulic,"G6,3 + номинальная сила",right_support,правая опора,0.008665732126927488,0.44618769319210194,0.42664871376960123
baseline_g6_3_hydraulic,"G6,3 + номинальная сила",right_support,правая опора,0.008716707021791767,0.4434735620546186,0.42402613900608377
baseline_g6_3_hydraulic,"G6,3 + номинальная сила",right_support,правая опора,0.008767681916656047,0.44064946130206195,0.4212984170697078
baseline_g6_3_hydraulic,"G6,3 + номинальная сила",right_support,правая опора,0.008818656811520326,0.43771609123609456,0.41846622436276
baseline_g6_3_hydraulic,"G6,3 + номинальная сила",right_support,правая опора,0.008869631706384605,0.4346741792542539,0.4155302631934916
baseline_g6_3_hydraulic,"G6,3 + номинальная сила",right_support,правая опора,0.008920606601248885,0.43152447966957747,0.4124912616019644
baseline_g6_3_hydraulic,"G6,3 + номинальная сила",right_support,правая опора,0.008971581496113164,0.4282677735235538,0.4093499731795172
baseline_g6_3_hydraulic,"G6,3 + номинальная сила",right_support,правая опора,0.009022556390977442,0.42490486839244423,0.4061071768818943
baseline_g6_3_hydraulic,"G6,3 + номинальная сила",right_support,правая опора,0.009073531285841723,0.4214365981870258,0.40276367683608555
baseline_g6_3_hydraulic,"G6,3 + номинальная сила",right_support,правая опора,0.009124506180706001,0.41786382294580404,0.39932030214092484
baseline_g6_3_hydraulic,"G6,3 + номинальная сила",right_support,правая опора,0.009175481075570282,0.4141874286217457,0.39577790666149476
baseline_g6_3_hydraulic,"G6,3 + номинальная сила",right_support,правая опора,0.00922645597043456,0.4104083268625865,0.39213736881739164
baseline_g6_3_hydraulic,"G6,3 + номинальная сила",right_support,правая опора,0.00927743086529884,0.4065274547847666,0.3883995913649005
baseline_g6_3_hydraulic,"G6,3 + номинальная сила",right_support,правая опора,0.00932840576016312,0.4025457747410506,0.3845655011731354
baseline_g6_3_hydraulic,"G6,3 + номинальная сила",right_support,правая опора,0.009379380655027398,0.39846427408189045,0.3806360489942016
baseline_g6_3_hydraulic,"G6,3 + номинальная сила",right_support,правая опора,0.009430355549891679,0.3942839649105875,0.3766122092274327
baseline_g6_3_hydraulic,"G6,3 + номинальная сила",right_support,правая опора,0.009481330444755957,0.3900058838323194,0.37249497967776746
baseline_g6_3_hydraulic,"G6,3 + номинальная сила",right_support,правая опора,0.009532305339620236,0.38563109169708853,0.36828538130831945
baseline_g6_3_hydraulic,"G6,3 + номинальная сила",right_support,правая опора,0.009583280234484516,0.38116067333666015,0.3639844579872058
baseline_g6_3_hydraulic,"G6,3 + номинальная сила",right_support,правая опора,0.009634255129348795,0.37659573729555273,0.3595932762286963
baseline_g6_3_hydraulic,"G6,3 + номинальная сила",right_support,правая опора,0.009685230024213074,0.37193741555614873,0.35511292492874547
baseline_g6_3_hydraulic,"G6,3 + номинальная сила",right_support,правая опора,0.009736204919077354,0.3671868632579926,0.3505445150949757
baseline_g6_3_hydraulic,"G6,3 + номинальная сила",right_support,правая опора,0.009787179813941633,0.3623452584113479,0.3458891795711775
baseline_g6_3_hydraulic,"G6,3 + номинальная сила",right_support,правая опора,0.009838154708805913,0.35741380160508124,0.34114807275639353
baseline_g6_3_hydraulic,"G6,3 + номинальная сила",right_support,правая опора,0.009889129603670192,0.3523937157089493,0.33632237031865964
baseline_g6_3_hydraulic,"G6,3 + номинальная сила",right_support,правая опора,0.00994010449853447,0.3472862455703582,0.33141326890346884
baseline_g6_3_hydraulic,"G6,3 + номинальная сила",right_support,правая опора,0.009991079393398751,0.3420926577056761,0.3264219858370367
baseline_g6_3_hydraulic,"G6,3 + номинальная сила",right_support,правая опора,0.01004205428826303,0.3368142399861704,0.3213497588244366
baseline_g6_3_hydraulic,"G6,3 + номинальная сила",right_support,правая опора,0.01009302918312731,0.33145230131864933,0.3161978456426811
baseline_g6_3_hydraulic,"G6,3 + номинальная сила",right_support,правая опора,0.010144004077991589,0.3260081713208894,0.3109675238288278
baseline_g6_3_hydraulic,"G6,3 + номинальная сила",right_support,правая опора,0.010194978972855867,0.32048319999192415,0.3056600903631834
baseline_g6_3_hydraulic,"G6,3 + номинальная сила",right_support,правая опора,0.010245953867720148,0.3148787573772811,0.30027686134768755
baseline_g6_3_hydraulic,"G6,3 + номинальная сила",right_support,правая опора,0.010296928762584426,0.30919623322924733,0.2948191716795549
baseline_g6_3_hydraulic,"G6,3 + номинальная сила",right_support,правая опора,0.010347903657448707,0.3034370366622472,0.28928837472025554
baseline_g6_3_hydraulic,"G6,3 + номинальная сила",right_support,правая опора,0.010398878552312986,0.29760259580342063,0.2836858419599186
baseline_g6_3_hydraulic,"G6,3 + номинальная сила",right_support,правая опора,0.010449853447177264,0.2916943574384841,0.2780129626772375
baseline_g6_3_hydraulic,"G6,3 + номинальная сила",right_support,правая опора,0.010500828342041545,0.2857137866529676,0.27227114359496746
baseline_g6_3_hydraulic,"G6,3 + номинальная сила",right_support,правая опора,0.010551803236905823,0.2796623664689127,0.26646180853109547
baseline_g6_3_hydraulic,"G6,3 + номинальная сила",right_support,правая опора,0.010602778131770102,0.27354159747712153,0.2605863980457709
baseline_g6_3_hydraulic,"G6,3 + номинальная сила",right_support,правая опора,0.010653753026634382,0.26735299746505087,0.254646369084085
baseline_g6_3_hydraulic,"G6,3 + номинальная сила",right_support,правая опора,0.010704727921498661,0.26109810104044195,0.2486431946147884
baseline_g6_3_hydraulic,"G6,3 + номинальная сила",right_support,правая опора,0.010755702816362941,0.25477845925077713,0.24257836326503252
baseline_g6_3_hydraulic,"G6,3 + номинальная сила",right_support,правая опора,0.01080667771122722,0.24839563919866356,0.23645337895123167
baseline_g6_3_hydraulic,"G6,3 + номинальная сила",right_support,правая опора,0.010857652606091499,0.24195122365323113,0.23026976050612963
baseline_g6_3_hydraulic,"G6,3 + номинальная сила",right_support,правая опора,0.01090862750095578,0.23544681065764986,0.22402904130217155
baseline_g6_3_hydraulic,"G6,3 + номинальная сила",right_support,правая опора,0.010959602395820058,0.22888401313285742,0.21773276887126797
baseline_g6_3_hydraulic,"G6,3 + номинальная сила",right_support,правая опора,0.011010577290684338,0.2222644584775968,0.2113825045210474
baseline_g6_3_hydraulic,"G6,3 + номинальная сила",right_support,правая опора,0.011061552185548617,0.21558978816486635,0.20497982294769493
baseline_g6_3_hydraulic,"G6,3 + номинальная сила",right_support,правая опора,0.011112527080412896,0.20886165733487674,0.19852631184546848
baseline_g6_3_hydraulic,"G6,3 + номинальная сила",right_support,правая опора,0.011163501975277176,0.20208173438462104,0.19202357151299326
baseline_g6_3_hydraulic,"G6,3 + номинальная сила",right_support,правая опора,0.011214476870141455,0.19525170055415744,0.18547321445643114
baseline_g6_3_hydraulic,"G6,3 + номинальная сила",right_support,правая опора,0.011265451765005733,0.18837324950970533,0.1788768649896212
baseline_g6_3_hydraulic,"G6,3 + номинальная сила",right_support,правая опора,0.011316426659870014,0.18144808692366127,0.17223615883129295
baseline_g6_3_hydraulic,"G6,3 + номинальная сила",right_support,правая опора,0.011367401554734292,0.17447793005163942,0.16555274269945355
baseline_g6_3_hydraulic,"G6,3 + номинальная сила",right_support,правая опора,0.011418376449598573,0.16746450730663576,0.15882827390304324
baseline_g6_3_hydraulic,"G6,3 + номинальная сила",right_support,правая опора,0.011469351344462851,0.16040955783042968,0.1520644199309692
baseline_g6_3_hydraulic,"G6,3 + номинальная сила",right_support,правая опора,0.01152032623932713,0.15331483106232158,0.14526285803861086
baseline_g6_3_hydraulic,"G6,3 + номинальная сила",right_support,правая опора,0.01157130113419141,0.14618208630531937,0.13842527483190634
baseline_g6_3_hydraulic,"G6,3 + номинальная сила",right_support,правая опора,0.01162227602905569,0.13901309228987876,0.13155336584911922
baseline_g6_3_hydraulic,"G6,3 + номинальная сила",right_support,правая опора,0.01167325092391997,0.13180962673530403,0.1246488351403897
baseline_g6_3_hydraulic,"G6,3 + номинальная сила",right_support,правая опора,0.011724225818784248,0.12457347590892236,0.11771339484517633
baseline_g6_3_hydraulic,"G6,3 + номинальная сила",right_support,правая опора,0.011775200713648527,0.11730643418313626,0.11074876476769038
baseline_g6_3_hydraulic,"G6,3 + номинальная сила",right_support,правая опора,0.011826175608512807,0.11001030359046679,0.10375667195043015
baseline_g6_3_hydraulic,"G6,3 + номинальная сила",right_support,правая опора,0.011877150503377086,0.10268689337669927,0.09673885024592185
baseline_g6_3_hydraulic,"G6,3 + номинальная сила",right_support,правая опора,0.011928125398241365,0.09533801955223684,0.08969703988676896
baseline_g6_3_hydraulic,"G6,3 + номинальная сила",right_support,правая опора,0.011979100293105645,0.08796550444177859,0.08263298705412125
baseline_g6_3_hydraulic,"G6,3 + номинальная сила",right_support,правая опора,0.012030075187969924,0.08057117623243278,0.07554844344466936
baseline_g6_3_hydraulic,"G6,3 + номинальная сила",right_support,правая опора,0.012081050082834204,0.07315686852037366,0.0684451658362693
baseline_g6_3_hydraulic,"G6,3 + номинальная сила",right_support,правая опора,0.012132024977698483,0.06572441985615998,0.06132491565230993
baseline_g6_3_hydraulic,"G6,3 + номинальная сила",right_support,правая опора,0.012182999872562762,0.05827567328882214,0.05418945852492544
baseline_g6_3_hydraulic,"G6,3 + номинальная сила",right_support,правая опора,0.012233974767427042,0.050812475908835836,0.04704056385716654
baseline_g6_3_hydraulic,"G6,3 + номинальная сила",right_support,правая опора,0.01228494966229132,0.043336678390093725,0.039880004384236285
baseline_g6_3_hydraulic,"G6,3 + номинальная сила",right_support,правая опора,0.012335924557155601,0.03585013453098531,0.03270955573389688
baseline_g6_3_hydraulic,"G6,3 + номинальная сила",right_support,правая опора,0.01238689945201988,0.028354700794707376,0.02553099598616414
baseline_g6_3_hydraulic,"G6,3 + номинальная сила",right_support,правая опора,0.012437874346884158,0.02085223584890824,0.018346105232388964
baseline_g6_3_hydraulic,"G6,3 + номинальная сила",right_support,правая опора,0.012488849241748439,0.013344600104788674,0.011156665133842825
baseline_g6_3_hydraulic,"G6,3 + номинальная сила",right_support,правая опора,0.012539824136612717,0.005833655255770249,0.0039644584799140205
baseline_g6_3_hydraulic,"G6,3 + номинальная сила",right_support,правая опора,0.012590799031476998,-0.001678736184156711,-0.003228731253978057
baseline_g6_3_hydraulic,"G6,3 + номинальная сила",right_support,правая опора,0.012641773926341277,-0.009190711342284984,-0.010421120348635605
baseline_g6_3_hydraulic,"G6,3 + номинальная сила",right_support,правая опора,0.012692748821205555,-0.016700407449134834,-0.017610925283398558
baseline_g6_3_hydraulic,"G6,3 + номинальная сила",right_support,правая опора,0.012743723716069836,-0.024205962300370462,-0.02479636317840965
baseline_g6_3_hydraulic,"G6,3 + номинальная сила",right_support,правая опора,0.012794698610934114,-0.03170551471857592,-0.03197565223672004
baseline_g6_3_hydraulic,"G6,3 + номинальная сила",right_support,правая опора,0.012845673505798393,-0.039197205014780134,-0.03914701218612978
baseline_g6_3_hydraulic,"G6,3 + номинальная сила",right_support,правая опора,0.012896648400662673,-0.046679175449607854,-0.04630866472064581
baseline_g6_3_hydraulic,"G6,3 + номинальная сила",right_support,правая опора,0.012947623295526952,-0.054149570693949704,-0.053458833941454446
baseline_g6_3_hydraulic,"G6,3 + номинальная сила",right_support,правая опора,0.012998598190391232,-0.061606538289035735,-0.060595746797298615
baseline_g6_3_hydraulic,"G6,3 + номинальная сила",right_support,правая опора,0.013049573085255511,-0.06904822910579406,-0.0677176335241452
baseline_g6_3_hydraulic,"G6,3 + номинальная сила",right_support,правая опора,0.01310054798011979,-0.0764727978033868,-0.07482272808404081
baseline_g6_3_hydraulic,"G6,3 + номинальная сила",right_support,правая опора,0.01315152287498407,-0.08387840328680497,-0.08190926860304171
baseline_g6_3_hydraulic,"G6,3 + номинальная сила",right_support,правая опора,0.013202497769848349,-0.09126320916341085,-0.0889754978081111
baseline_g6_3_hydraulic,"G6,3 + номинальная сила",right_support,правая опора,0.01325347266471263,-0.09862538419831471,-0.09601966346287683
baseline_g6_3_hydraulic,"G6,3 + номинальная сила",right_support,правая опора,0.013304447559576908,-0.10596310276847097,-0.10304001880213756
baseline_g6_3_hydraulic,"G6,3 + номинальная сила",right_support,правая опора,0.013355422454441187,-0.11327454531538592,-0.11003482296501632
baseline_g6_3_hydraulic,"G6,3 + номинальная сила",right_support,правая опора,0.013406397349305467,-0.12055789879631869,-0.11700234142664595
baseline_g6_3_hydraulic,"G6,3 + номинальная сила",right_support,правая опора,0.013457372244169746,-0.12781135713386746,-0.12394084642828546
baseline_g6_3_hydraulic,"G6,3 + номинальная сила",right_support,правая опора,0.013508347139034024,-0.13503312166382847,-0.1308486174057581
baseline_g6_3_hydraulic,"G6,3 + номинальная сила",right_support,правая опора,0.013559322033898305,-0.14222140158121707,-0.1377239414161053
baseline_g6_3_hydraulic,"G6,3 + номинальная сила",right_support,правая опора,0.013610296928762583,-0.1493744143843394,-0.1445651135623511
baseline_g6_3_hydraulic,"G6,3 + номинальная сила",right_support,правая опора,0.013661271823626864,-0.15649038631680573,-0.15137043741627101
baseline_g6_3_hydraulic,"G6,3 + номинальная сила",right_support,правая опора,0.013712246718491142,-0.16356755280737287,-0.1581382254390601
baseline_g6_3_hydraulic,"G6,3 + номинальная сила",right_support,правая опора,0.013763221613355421,-0.17060415890751376,-0.16486679939979929
baseline_g6_3_hydraulic,"G6,3 + номинальная сила",right_support,правая опора,0.013814196508219702,-0.17759845972659566,-0.17155449079161073
baseline_g6_3_hydraulic,"G6,3 + номинальная сила",right_support,правая опора,0.01386517140308398,-0.18454872086456728,-0.17819964124540308
baseline_g6_3_hydraulic,"G6,3 + номинальная сила",right_support,правая опора,0.01391614629794826,-0.19145321884204394,-0.18480060294110362
baseline_g6_3_hydraulic,"G6,3 + номинальная сила",right_support,правая опора,0.01396712119281254,-0.19831024152768278,-0.19135573901627134
baseline_g6_3_hydraulic,"G6,3 + номинальная сила",right_support,правая опора,0.014018096087676818,-0.2051180885627492,-0.19786342397199919
baseline_g6_3_hydraulic,"G6,3 + номинальная сила",right_support,правая опора,0.014069070982541098,-0.21187507178275722,-0.20432204407599083
baseline_g6_3_hydraulic,"G6,3 + номинальная сила",right_support,правая опора,0.014120045877405377,-0.2185795156360897,-0.21072999776272403
baseline_g6_3_hydraulic,"G6,3 + номинальная сила",right_support,правая опора,0.014171020772269657,-0.22522975759949213,-0.21708569603059755
baseline_g6_3_hydraulic,"G6,3 + номинальная сила",right_support,правая опора,0.014221995667133936,-0.23182414859033257,-0.2233875628359601
baseline_g6_3_hydraulic,"G6,3 + номинальная сила",right_support,правая опора,0.014272970561998215,-0.23836105337553082,-0.2296340354839271
baseline_g6_3_hydraulic,"G6,3 + номинальная сила",right_support,правая опора,0.014323945456862495,-0.24483885097705274,-0.235823565015888
baseline_g6_3_hydraulic,"G6,3 + номинальная сила",right_support,правая опора,0.014374920351726774,-0.25125593507386795,-0.24195461659360512
baseline_g6_3_hydraulic,"G6,3 + номинальная сила",right_support,правая опора,0.014425895246591052,-0.25761071440027694,-0.24802566987981453
baseline_g6_3_hydraulic,"G6,3 + номинальная сила",right_support,правая опора,0.014476870141455333,-0.2639016131405022,-0.2540352194152293
baseline_g6_3_hydraulic,"G6,3 + номинальная сила",right_support,правая опора,0.014527845036319612,-0.2701270713194459,-0.25998177499185
baseline_g6_3_hydraulic,"G6,3 + номинальная сила",right_support,правая опора,0.014578819931183892,-0.2762855451895252,-0.26586386202250056
baseline_g6_3_hydraulic,"G6,3 + номинальная сила",right_support,правая опора,0.01462979482604817,-0.282375507613479,-0.2716800219064841
baseline_g6_3_hydraulic,"G6,3 + номинальная сила",right_support,правая опора,0.01468076972091245,-0.28839544844305753,-0.2774288123912781
baseline_g6_3_hydraulic,"G6,3 + номинальная сила",right_support,правая опора,0.01473174461577673,-0.2943438748934991,-0.28310880793017396
baseline_g6_3_hydraulic,"G6,3 + номинальная сила",right_support,правая опора,0.014782719510641008,-0.30021931191369966,-0.28871860003577426
baseline_g6_3_hydraulic,"G6,3 + номинальная сила",right_support,правая опора,0.014833694405505289,-0.306020302551988,-0.29425679762926144
baseline_g6_3_hydraulic,"G6,3 + номинальная сила",right_support,правая опора,0.014884669300369567,-0.31174540831740966,-0.2997220273853468
baseline_g6_3_hydraulic,"G6,3 + номинальная сила",right_support,правая опора,0.014935644195233846,-0.3173932095364348,-0.3051129340728196
baseline_g6_3_hydraulic,"G6,3 + номинальная сила",right_support,правая опора,0.014986619090098127,-0.3229623057049991,-0.31042818089060714
baseline_g6_3_hydraulic,"G6,3 + номинальная сила",right_support,правая опора,0.015037593984962405,-0.32845131583579157,-0.315666449799267
baseline_g6_3_hydraulic,"G6,3 + номинальная сила",right_support,правая опора,0.015088568879826684,-0.33385887880070236,-0.3208264418478247
baseline_g6_3_hydraulic,"G6,3 + номинальная сила",right_support,правая опора,0.015139543774690964,-0.33918365366834713,-0.32590687749587965
baseline_g6_3_hydraulic,"G6,3 + номинальная сила",right_support,правая опора,0.015190518669555243,-0.34442432003658024,-0.3309064969308959
baseline_g6_3_hydraulic,"G6,3 + номинальная сила",right_support,правая опора,0.015241493564419523,-0.34957957835992154,-0.3358240603806036
baseline_g6_3_hydraulic,"G6,3 + номинальная сила",right_support,правая опора,0.015292468459283802,-0.3546481502718078,-0.3406583484204283
baseline_g6_3_hydraulic,"G6,3 + номинальная сила",right_support,правая опора,0.01534344335414808,-0.3596287789015938,-0.3454081622758761
baseline_g6_3_hydraulic,"G6,3 + номинальная сила",right_support,правая опора,0.015394418249012361,-0.3645202291862225,-0.3500723241197978
baseline_g6_3_hydraulic,"G6,3 + номинальная сила",right_support,правая опора,0.01544539314387664,-0.3693212881764879,-0.35464967736445857
baseline_g6_3_hydraulic,"G6,3 + номинальная сила",right_support,правая опора,0.01549636803874092,-0.37403076533781454,-0.3591390869483411
baseline_g6_3_hydraulic,"G6,3 + номинальная сила",right_support,правая опора,0.015547342933605199,-0.37864749284547683,-0.3635394396176093
baseline_g6_3_hydraulic,"G6,3 + номинальная сила",right_support,правая опора,0.015598317828469477,-0.3831703258741903,-0.36784964420216776
baseline_g6_3_hydraulic,"G6,3 + номинальная сила",right_support,правая опора,0.015649292723333756,-0.387598142881997,-0.37206863188624106
baseline_g6_3_hydraulic,"G6,3 + номинальная сила",right_support,правая опора,0.01570026761819804,-0.39192984588837765,-0.3761953564734125
baseline_g6_3_hydraulic,"G6,3 + номинальная сила",right_support,правая опора,0.015751242513062317,-0.39616436074652134,-0.3802287946460521
baseline_g6_3_hydraulic,"G6,3 + номинальная сила",right_support,правая опора,0.015802217407926596,-0.40030063740968636,-0.3841679462190728
baseline_g6_3_hydraulic,"G6,3 + номинальная сила",right_support,правая опора,0.015853192302790874,-0.40433765019158263,-0.38801183438794934
baseline_g6_3_hydraulic,"G6,3 + номинальная сила",right_support,правая опора,0.015904167197655153,-0.4082743980207159,-0.39175950597094034
baseline_g6_3_hydraulic,"G6,3 + номинальная сила",right_support,правая опора,0.015955142092519435,-0.41210990468862535,-0.395410031645451
baseline_g6_3_hydraulic,"G6,3 + номинальная сила",right_support,правая опора,0.016006116987383714,-0.41584321909195743,-0.3989625061784805
baseline_g6_3_hydraulic,"G6,3 + номинальная сила",right_support,правая опора,0.016057091882247992,-0.41947341546831524,-0.40241604865109615
baseline_g6_3_hydraulic,"G6,3 + номинальная сила",right_support,правая опора,0.01610806677711227,-0.42299959362582185,-0.4057698026768778
baseline_g6_3_hydraulic,"G6,3 + номинальная сила",right_support,правая опора,0.01615904167197655,-0.42642087916634447,-0.4090229366142781
baseline_g6_3_hydraulic,"G6,3 + номинальная сила",right_support,правая опора,0.01621001656684083,-0.4297364237023214,-0.4121746437728481
baseline_g6_3_hydraulic,"G6,3 + номинальная сила",right_support,правая опора,0.01626099146170511,-0.4329454050671402,-0.41522414261327506
baseline_g6_3_hydraulic,"G6,3 + номинальная сила",right_support,правая опора,0.01631196635656939,-0.4360470275190116,-0.4181706769411822
baseline_g6_3_hydraulic,"G6,3 + номинальная сила",right_support,правая опора,0.016362941251433668,-0.4390405219382944,-0.4210135160946464
baseline_g6_3_hydraulic,"G6,3 + номинальная сила",right_support,правая опора,0.016413916146297947,-0.44192514601821486,-0.4237519551253816
baseline_g6_3_hydraulic,"G6,3 + номинальная сила",right_support,правая опора,0.016464891041162225,-0.44470018444893994,-0.42638531497354787
baseline_g6_3_hydraulic,"G6,3 + номинальная сила",right_support,правая опора,0.016515865936026507,-0.44736494909495456,-0.4289129426361399
baseline_g6_3_hydraulic,"G6,3 + номинальная сила",right_support,правая опора,0.016566840830890786,-0.4499187791657009,-0.4313342113289138
baseline_g6_3_hydraulic,"G6,3 + номинальная сила",right_support,правая опора,0.016617815725755065,-0.4523610413794371,-0.43364852064181414
baseline_g6_3_hydraulic,"G6,3 + номинальная сила",right_support,правая опора,0.016668790620619343,-0.45469113012027423,-0.43585529668785833
baseline_g6_3_hydraulic,"G6,3 + номинальная сила",right_support,правая опора,0.016719765515483622,-0.45690846758835263,-0.43795399224544607
baseline_g6_3_hydraulic,"G6,3 + номинальная сила",right_support,правая опора,0.016770740410347904,-0.459012503943121,-0.4399440868940557
baseline_g6_3_hydraulic,"G6,3 + номинальная сила",right_support,правая опора,0.016821715305212183,-0.46100271743968213,-0.4418250871432936
baseline_g6_3_hydraulic,"G6,3 + номинальная сила",right_support,правая опора,0.01687269020007646,-0.4628786145581716,-0.44359652655526827
baseline_g6_3_hydraulic,"G6,3 + номинальная сила",right_support,правая опора,0.01692366509494074,-0.4646397301261383,-0.44525796586025335
baseline_g6_3_hydraulic,"G6,3 + номинальная сила",right_support,правая опора,0.01697463998980502,-0.46628562743389357,-0.4468089930656151
baseline_g6_3_hydraulic,"G6,3 + номинальная сила",right_support,правая опора,0.0170256148846693,-0.46781589834280446,-0.4482492235579755
baseline_g6_3_hydraulic,"G6,3 + номинальная сила",right_support,правая опора,0.01707658977953358,-0.469230163386501,-0.4495783001985861
baseline_g6_3_hydraulic,"G6,3 + номинальная сила",right_support,правая опора,0.01712756467439786,-0.47052807186497336,-0.45079589341188925
baseline_g6_3_hydraulic,"G6,3 + номинальная сила",right_support,правая опора,0.017178539569262137,-0.47170930193153693,-0.45190170126724377
baseline_g6_3_hydraulic,"G6,3 + номинальная сила",right_support,правая опора,0.017229514464126416,-0.4727735606726408,-0.45289544955379535
baseline_g6_3_hydraulic,"G6,3 + номинальная сила",right_support,правая опора,0.017280489358990698,-0.473720584180503,-0.4537768918484745
baseline_g6_3_hydraulic,"G6,3 + номинальная сила",right_support,правая опора,0.017331464253854977,-0.47455013761855275,-0.4545458095771016
baseline_g6_3_hydraulic,"G6,3 + номинальная сила",right_support,правая опора,0.017382439148719255,-0.4752620152796631,-0.4552020120685887
baseline_g6_3_hydraulic,"G6,3 + номинальная сила",right_support,правая опора,0.017433414043583534,-0.4758560406371613,-0.4557453366022201
baseline_g6_3_hydraulic,"G6,3 + номинальная сила",right_support,правая опора,0.017484388938447813,-0.47633206638860265,-0.45617564844800296
baseline_g6_3_hydraulic,"G6,3 + номинальная сила",right_support,правая опора,0.017535363833312095,-0.47668997449229716,-0.45649284090007686
baseline_g6_3_hydraulic,"G6,3 + номинальная сила",right_support,правая опора,0.017586338728176373,-0.47692967619658133,-0.45669683530317384
baseline_g6_3_hydraulic,"G6,3 + номинальная сила",right_support,правая опора,0.017637313623040652,-0.4770511120618258,-0.45678758107212275
baseline_g6_3_hydraulic,"G6,3 + номинальная сила",right_support,правая опора,0.01768828851790493,-0.477054251975175,-0.4567650557043934
baseline_g6_3_hydraulic,"G6,3 + номинальная сила",right_support,правая опора,0.01773926341276921,-0.47693909515801397,-0.45662926478567606
baseline_g6_3_hydraulic,"G6,3 + номинальная сила",right_support,правая опора,0.017790238307633488,-0.47670567016616205,-0.4563802419884969
baseline_g6_3_hydraulic,"G6,3 + номинальная сила",right_support,правая опора,0.01784121320249777,-0.4763540348827912,-0.45601804906386756
baseline_g6_3_hydraulic,"G6,3 + номинальная сила",right_support,правая опора,0.01789218809736205,-0.4758842765040731,-0.4555427758259731
baseline_g6_3_hydraulic,"G6,3 + номинальная сила",right_support,правая опора,0.017943162992226327,-0.4752965115175561,-0.4549545401298998
baseline_g6_3_hydraulic,"G6,3 + номинальная сила",right_support,правая опора,0.017994137887090606,-0.47459088567328006,-0.4542534878424111
baseline_g6_3_hydraulic,"G6,3 + номинальная сила",right_support,правая опора,0.018045112781954885,-0.473767573947634,-0.4534397928057758
baseline_g6_3_hydraulic,"G6,3 + номинальная сила",right_support,правая опора,0.018096087676819167,-0.4728267804999664,-0.45251365679465994
baseline_g6_3_hydraulic,"G6,3 + номинальная сила",right_support,правая опора,0.018147062571683446,-0.4717687386219595,-0.4514753094660927
baseline_g6_3_hydraulic,"G6,3 + номинальная сила",right_support,правая опора,0.018198037466547724,-0.47059371067977895,-0.4503250083025166
baseline_g6_3_hydraulic,"G6,3 + номинальная сила",right_support,правая опора,0.018249012361412003,-0.4693019880490143,-0.4490630385479395
baseline_g6_3_hydraulic,"G6,3 + номинальная сила",right_support,правая опора,0.01829998725627628,-0.46789389104242496,-0.44768971313720124
baseline_g6_3_hydraulic,"G6,3 + номинальная сила",right_support,правая опора,0.018350962151140564,-0.46636976883051173,-0.4462053726183743
baseline_g6_3_hydraulic,"G6,3 + номинальная сила",right_support,правая опора,0.018401937046004842,-0.4647299993549321,-0.44461038506831724
baseline_g6_3_hydraulic,"G6,3 + номинальная сила",right_support,правая опора,0.01845291194086912,-0.4629749892347801,-0.44290514600140096
baseline_g6_3_hydraulic,"G6,3 + номинальная сила",right_support,правая опора,0.0185038868357334,-0.4611051736657557,-0.4410900782714319
baseline_g6_3_hydraulic,"G6,3 + номинальная сила",right_support,правая опора,0.01855486173059768,-0.45912101631224855,-0.4391656319667956
baseline_g6_3_hydraulic,"G6,3 + номинальная сила",right_support,правая опора,0.01860583662546196,-0.4570230091923608,-0.4371322842988468
baseline_g6_3_hydraulic,"G6,3 + номинальная сила",right_support,правая опора,0.01865681152032624,-0.45481167255590027,-0.4349905394835739
baseline_g6_3_hydraulic,"G6,3 + номинальная сила",right_support,правая опора,0.018707786415190518,-0.45248755475537206,-0.43274092861656654
baseline_g6_3_hydraulic,"G6,3 + номинальная сила",right_support,правая опора,0.018758761310054797,-0.45005123211000203,-0.4303840095413182
baseline_g6_3_hydraulic,"G6,3 + номинальная сила",right_support,правая опора,0.018809736204919075,-0.44750330876282446,-0.4279203667108956
baseline_g6_3_hydraulic,"G6,3 + номинальная сила",right_support,правая опора,0.018860711099783357,-0.44484441653087115,-0.42535061104301053
baseline_g6_3_hydraulic,"G6,3 + номинальная сила",right_support,правая опора,0.018911685994647636,-0.4420752147484981,-0.42267537976852826
baseline_g6_3_hydraulic,"G6,3 + номинальная сила",right_support,правая опора,0.018962660889511915,-0.43919639010388717,-0.4198953362734512
baseline_g6_3_hydraulic,"G6,3 + номинальная сила",right_support,правая опора,0.019013635784376193,-0.43620865646876616,-0.4170111699344168
baseline_g6_3_hydraulic,"G6,3 + номинальная сила",right_support,правая опора,0.019064610679240472,-0.4331127547213879,-0.41402359594775073
baseline_g6_3_hydraulic,"G6,3 + номинальная сила",right_support,правая опора,0.019115585574104754,-0.4299094525628116,-0.410933355152117
baseline_g6_3_hydraulic,"G6,3 + номинальная сила",right_support,правая опора,0.019166560468969033,-0.4265995443265347,-0.40774121384481044
baseline_g6_3_hydraulic,"G6,3 + номинальная сила",right_support,правая опора,0.01921753536383331,-0.4231838507815179,-0.4044479635917344
baseline_g6_3_hydraulic,"G6,3 + номинальная сила",right_support,правая опора,0.01926851025869759,-0.4196632189286568,-0.4010544210311141
baseline_g6_3_hydraulic,"G6,3 + номинальная сила",right_support,правая опора,0.01931948515356187,-0.4160385217907489,-0.3975614276709921
baseline_g6_3_hydraulic,"G6,3 + номинальная сила",right_support,правая опора,0.019370460048426148,-0.4123106581960066,-0.39396984968055676
baseline_g6_3_hydraulic,"G6,3 + номинальная сила",right_support,правая опора,0.01942143494329043,-0.40848055255517146,-0.39028057767535496
baseline_g6_3_hydraulic,"G6,3 + номинальная сила",right_support,правая опора,0.01947240983815471,-0.4045491546322865,-0.3864945264964441
baseline_g6_3_hydraulic,"G6,3 + номинальная сила",right_support,правая опора,0.019523384733018987,-0.4005174393091783,-0.3826126349835351
baseline_g6_3_hydraulic,"G6,3 + номинальная сила",right_support,правая опора,0.019574359627883266,-0.3963864063437131,-0.37863586574218533
baseline_g6_3_hydraulic,"G6,3 + номинальная сила",right_support,правая опора,0.019625334522747544,-0.3921570801218837,-0.3745652049050986
baseline_g6_3_hydraulic,"G6,3 + номинальная сила",right_support,правая опора,0.019676309417611827,-0.38783050940378777,-0.37040166188758894
baseline_g6_3_hydraulic,"G6,3 + номинальная сила",right_support,правая опора,0.019727284312476105,-0.38340776706356655,-0.3661462691372763
baseline_g6_3_hydraulic,"G6,3 + номинальная сила",right_support,правая опора,0.019778259207340384,-0.3788899498233563,-0.36180008187806195
baseline_g6_3_hydraulic,"G6,3 + номинальная сила",right_support,правая опора,0.019829234102204663,-0.37427817798133356,-0.3573641778484651
baseline_g6_3_hydraulic,"G6,3 + номинальная сила",right_support,правая опора,0.01988020899706894,-0.3695735951339102,-0.35283965703437076
baseline_g6_3_hydraulic,"G6,3 + номинальная сила",right_support,правая опора,0.019931183891933223,-0.36477736789215154,-0.34822764139626255
baseline_g6_3_hydraulic,"G6,3 + номинальная сила",right_support,правая опора,0.019982158786797502,-0.3598906855924892,-0.3435292745910078
baseline_g6_3_hydraulic,"G6,3 + номинальная сила",right_support,правая опора,0.02003313368166178,-0.35491476000179584,-0.3387457216882591
baseline_g6_3_hydraulic,"G6,3 + номинальная сила",right_support,правая опора,0.02008410857652606,-0.3498508250169001,-0.3338781688815497
baseline_g6_3_hydraulic,"G6,3 + номинальная сила",right_support,правая опора,0.020135083471390338,-0.344700136358613,-0.3289278231941482
baseline_g6_3_hydraulic,"G6,3 + номинальная сила",right_support,правая опора,0.02018605836625462,-0.3394639712603427,-0.32389591217974945
baseline_g6_3_hydraulic,"G6,3 + номинальная сила",right_support,правая опора,0.0202370332611189,-0.3341436281513751,-0.3187836836180745
baseline_g6_3_hydraulic,"G6,3 + номинальная сила",right_support,правая опора,0.020288008155983177,-0.3287404263348969,-0.3135924052054532
baseline_g6_3_hydraulic,"G6,3 + номинальная сила",right_support,правая опора,0.020338983050847456,-0.32325570566084455,-0.3083233642404701
allowable_wear_g6_3_offdesign,"G6,3 + допустимый износ",left_support,левая опора,0.0,18.6940014840476,18.502928683068472
allowable_wear_g6_3_offdesign,"G6,3 + допустимый износ",left_support,левая опора,5.097489486427934e-05,18.6688761047411,18.502884714746042
allowable_wear_g6_3_offdesign,"G6,3 + допустимый износ",left_support,левая опора,0.00010194978972855868,18.639121342096438,18.498252524522858
allowable_wear_g6_3_offdesign,"G6,3 + допустимый износ",left_support,левая опора,0.000152924684592838,18.604744574501144,18.48903326105854
allowable_wear_g6_3_offdesign,"G6,3 + допустимый износ",left_support,левая опора,0.00020389957945711736,18.565754326476686,18.475229210484546
allowable_wear_g6_3_offdesign,"G6,3 + допустимый износ",left_support,левая опора,0.0002548744743213967,18.522160266564615,18.456843795837223
allowable_wear_g6_3_offdesign,"G6,3 + допустимый износ",left_support,левая опора,0.000305849369185676,18.47397320492906,18.433881576209036
allowable_wear_g6_3_offdesign,"G6,3 + допустимый износ",left_support,левая опора,0.0003568242640499554,18.421205090676054,18.406348245618002
allowable_wear_g6_3_offdesign,"G6,3 + допустимый износ",left_support,левая опора,0.0004077991589142347,18.363869008890514,18.374250631595736
allowable_wear_g6_3_offdesign,"G6,3 + допустимый износ",left_support,левая опора,0.00045877405377851404,18.30197917739145,18.33759669349442
allowable_wear_g6_3_offdesign,"G6,3 + допустимый износ",left_support,левая опора,0.0005097489486427934,18.23555094320634,18.29639552051306
allowable_wear_g6_3_offdesign,"G6,3 + допустимый износ",left_support,левая опора,0.0005607238435070727,18.164600778765507,18.25065732944364
allowable_wear_g6_3_offdesign,"G6,3 + допустимый износ",left_support,левая опора,0.000611698738371352,18.08914627781734,18.20039346213762
allowable_wear_g6_3_offdesign,"G6,3 + допустимый износ",left_support,левая опора,0.0006626736332356314,18.009206151065555,18.14561638269345
allowable_wear_g6_3_offdesign,"G6,3 + допустимый износ",left_support,левая опора,0.0007136485280999108,17.924800221529424,18.086339674365828
allowable_wear_g6_3_offdesign,"G6,3 + допустимый износ",left_support,левая опора,0.0007646234229641901,17.835949419628207,18.022578036197388
allowable_wear_g6_3_offdesign,"G6,3 + допустимый износ",left_support,левая опора,0.0008155983178284694,17.742675777990936,17.95434727937374
allowable_wear_g6_3_offdesign,"G6,3 + допустимый износ",left_support,левая опора,0.0008665732126927488,17.645002425992956,17.88166432330274
allowable_wear_g6_3_offdesign,"G6,3 + допустимый износ",left_support,левая опора,0.0009175481075570281,17.54295358402042,17.804547191418887
allowable_wear_g6_3_offdesign,"G6,3 + допустимый износ",left_support,левая опора,0.0009685230024213075,17.436554557464287,17.72301500671402
allowable_wear_g6_3_offdesign,"G6,3 + допустимый износ",left_support,левая опора,0.0010194978972855868,17.325831730445277,17.637087986995333
allowable_wear_g6_3_offdesign,"G6,3 + допустимый износ",left_support,левая опора,0.0010704727921498661,17.210812559271286,17.546787439871856
allowable_wear_g6_3_offdesign,"G6,3 + допустимый износ",left_support,левая опора,0.0011214476870141455,17.091525565628984,17.4521357574708
allowable_wear_g6_3_offdesign,"G6,3 + допустимый износ",left_support,левая опора,0.0011724225818784248,16.968000329511174,17.353156410884836
allowable_wear_g6_3_offdesign,"G6,3 + допустимый износ",left_support,левая опора,0.001223397476742704,16.840267481881746,17.249873944351954
allowable_wear_g6_3_offdesign,"G6,3 + допустимый износ",left_support,левая опора,0.0012743723716069834,16.708358697080023,17.1423139691691
allowable_wear_g6_3_offdesign,"G6,3 + допустимый износ",left_support,левая опора,0.0013253472664712627,16.572306684966378,17.030503157341283
allowable_wear_g6_3_offdesign,"G6,3 + допустимый износ",left_support,левая опора,0.0013763221613355423,16.432145182811034,16.914469234967626
allowable_wear_g6_3_offdesign,"G6,3 + допустимый износ",left_support,левая опора,0.0014272970561998216,16.28790894692814,16.794240975366023
allowable_wear_g6_3_offdesign,"G6,3 + допустимый износ",left_support,левая опора,0.001478271951064101,16.139633744057125,16.669848191938122
allowable_wear_g6_3_offdesign,"G6,3 + допустимый износ",left_support,левая опора,0.0015292468459283802,15.987356342493518,16.54132173077642
allowable_wear_g6_3_offdesign,"G6,3 + допустимый износ",left_support,левая опора,0.0015802217407926596,15.831114502971365,16.40869346301523
allowable_wear_g6_3_offdesign,"G6,3 + допустимый износ",left_support,левая опора,0.0016311966356569389,15.670946969299584,16.271996276927492
allowable_wear_g6_3_offdesign,"G6,3 + допустимый износ",left_support,левая опора,0.0016821715305212182,15.506893458754545,16.131264069769376
allowable_wear_g6_3_offdesign,"G6,3 + допустимый износ",left_support,левая опора,0.0017331464253854975,15.338994652231227,15.986531739374652
allowable_wear_g6_3_offdesign,"G6,3 + допустимый износ",left_support,левая опора,0.0017841213202497768,15.167292184155462,15.837835175500963
allowable_wear_g6_3_offdesign,"G6,3 + допустимый износ",left_support,левая опора,0.0018350962151140562,14.991828632159683,15.685211250930113
allowable_wear_g6_3_offdesign,"G6,3 + допустимый износ",left_support,левая опора,0.0018860711099783355,14.812647506524828,15.528697812324614
allowable_wear_g6_3_offdesign,"G6,3 + допустимый износ",left_support,левая опора,0.001937046004842615,14.62979323939094,15.368333670842722
allowable_wear_g6_3_offdesign,"G6,3 + допустимый износ",left_support,левая опора,0.001988020899706894,14.44331117373918,15.204158592514291
allowable_wear_g6_3_offdesign,"G6,3 + допустимый износ",left_support,левая опора,0.0020389957945711737,14.25324755214799,15.036213288379876
allowable_wear_g6_3_offdesign,"G6,3 + допустимый износ",left_support,левая опора,0.0020899706894354528,14.059649505326144,14.864539404395465
allowable_wear_g6_3_offdesign,"G6,3 + допустимый износ",left_support,левая опора,0.0021409455842997323,13.862565040425618,14.68917951110541
allowable_wear_g6_3_offdesign,"G6,3 + допустимый износ",left_support,левая опора,0.002191920479164012,13.662043029137076,14.510177093086051
allowable_wear_g6_3_offdesign,"G6,3 + допустимый износ",left_support,левая опора,0.002242895374028291,13.458133195570996,14.327576538162706
allowable_wear_g6_3_offdesign,"G6,3 + допустимый износ",left_support,левая опора,0.0022938702688925705,13.250886103927423,14.141423126402676
allowable_wear_g6_3_offdesign,"G6,3 + допустимый износ",left_support,левая опора,0.0023448451637568496,13.0403531459574,13.951763018887009
allowable_wear_g6_3_offdesign,"G6,3 + допустимый износ",left_support,левая опора,0.002395820058621129,12.826586528219167,13.758643246263745
allowable_wear_g6_3_offdesign,"G6,3 + допустимый износ",left_support,левая опора,0.002446794953485408,12.609639259132349,13.562111697085617
allowable_wear_g6_3_offdesign,"G6,3 + допустимый износ",left_support,левая опора,0.0024977698483496878,12.389565135833266,13.362217105934935
allowable_wear_g6_3_offdesign,"G6,3 + допустимый износ",left_support,левая опора,0.002548744743213967,12.166418730834685,13.159009041338717
allowable_wear_g6_3_offdesign,"G6,3 + допустимый износ",left_support,левая опора,0.0025997196380782464,11.94025537849329,12.952537893477027
allowable_wear_g6_3_offdesign,"G6,3 + допустимый износ",left_support,левая опора,0.0026506945329425255,11.71113116128824,12.742854861687539
allowable_wear_g6_3_offdesign,"G6,3 + допустимый износ",left_support,левая опора,0.002701669427806805,11.4791028959142,12.530011941769477
allowable_wear_g6_3_offdesign,"G6,3 + допустимый износ",left_support,левая опора,0.0027526443226710846,11.244228119192336,12.314061913090034
allowable_wear_g6_3_offdesign,"G6,3 + допустимый износ",left_support,левая опора,0.0028036192175353637,11.006565073802701,12.095058325496518
allowable_wear_g6_3_offdesign,"G6,3 + допустимый износ",left_support,левая опора,0.002854594112399643,10.766172693841604,11.873055486037387
allowable_wear_g6_3_offdesign,"G6,3 + допустимый износ",left_support,левая опора,0.0029055690072639223,10.523110590207537,11.648108445495573
allowable_wear_g6_3_offdesign,"G6,3 + допустимый износ",left_support,левая опора,0.002956543902128202,10.277439035819256,11.42027298473735
allowable_wear_g6_3_offdesign,"G6,3 + допустимый износ",left_support,левая опора,0.003007518796992481,10.029218950669705,11.189605600880164
allowable_wear_g6_3_offdesign,"G6,3 + допустимый износ",left_support,левая опора,0.0030584936918567605,9.778511886719473,10.956163493282853
allowable_wear_g6_3_offdesign,"G6,3 + допустимый износ",left_support,левая опора,0.0031094685867210396,9.52538001263358,10.720004549361747
allowable_wear_g6_3_offdesign,"G6,3 + допустимый износ",left_support,левая опора,0.003160443481585319,9.269886098365259,10.4811873302361
allowable_wear_g6_3_offdesign,"G6,3 + допустимый износ",left_support,левая опора,0.0032114183764495982,9.01209349959073,10.239771056206541
allowable_wear_g6_3_offdesign,"G6,3 + допустимый износ",left_support,левая опора,0.0032623932713138778,8.752066141998641,9.995815592069969
allowable_wear_g6_3_offdesign,"G6,3 + допустимый износ",left_support,левая опора,0.0033133681661781573,8.48986850543824,9.74938143227472
allowable_wear_g6_3_offdesign,"G6,3 + допустимый износ",left_support,левая опора,0.0033643430610424364,8.225565607930067,9.500529685919545
allowable_wear_g6_3_offdesign,"G6,3 + допустимый износ",left_support,левая опора,0.003415317955906716,7.959222989543213,9.249322061600159
allowable_wear_g6_3_offdesign,"G6,3 + допустимый износ",left_support,левая опора,0.003466292850770995,7.6909066961431645,8.995820852107201
allowable_wear_g6_3_offdesign,"G6,3 + допустимый износ",left_support,левая опора,0.0035172677456352746,7.42068326301415,8.740088918979234
allowable_wear_g6_3_offdesign,"G6,3 + допустимый износ",left_support,левая опора,0.0035682426404995537,7.148619698360201,8.482189676914812
allowable_wear_g6_3_offdesign,"G6,3 + допустимый износ",left_support,левая опора,0.0036192175353638332,6.87478346668887,8.222187078047275
allowable_wear_g6_3_offdesign,"G6,3 + допустимый износ",left_support,левая опора,0.0036701924302281123,6.599242472081865,7.960145596086361
allowable_wear_g6_3_offdesign,"G6,3 + допустимый износ",left_support,левая опора,0.003721167325092392,6.32206504135662,7.696130210330433
allowable_wear_g6_3_offdesign,"G6,3 + допустимый износ",left_support,левая опора,0.003772142219956671,6.0433199071230925,7.430206389553349
allowable_wear_g6_3_offdesign,"G6,3 + допустимый износ",left_support,левая опора,0.0038231171148209505,5.763076190739878,7.162440075769941
allowable_wear_g6_3_offdesign,"G6,3 + допустимый износ",left_support,левая опора,0.00387409200968523,5.481403385173993,6.892897667884173
allowable_wear_g6_3_offdesign,"G6,3 + допустимый износ",left_support,левая опора,0.00392506690454951,5.198371337768448,6.621646005223974
allowable_wear_g6_3_offdesign,"G6,3 + допустимый износ",left_support,левая опора,0.003976041799413788,4.91405023292198,6.348752350966874
allowable_wear_g6_3_offdesign,"G6,3 + допустимый износ",left_support,левая опора,0.004027016694278068,4.628510574685171,6.074284375460498
allowable_wear_g6_3_offdesign,"G6,3 + допустимый износ",left_support,левая опора,0.004077991589142347,4.341823169277365,5.798310139442177
allowable_wear_g6_3_offdesign,"G6,3 + допустимый износ",left_support,левая опора,0.004128966484006627,4.054059107528583,5.520898077161665
allowable_wear_g6_3_offdesign,"G6,3 + допустимый износ",left_support,левая опора,0.0041799413788709055,3.765289747250907,5.242116979411285
allowable_wear_g6_3_offdesign,"G6,3 + допустимый износ",left_support,левая опора,0.004230916273735185,3.4755866955436314,4.9620359764676305
allowable_wear_g6_3_offdesign,"G6,3 + допустимый износ",left_support,левая опора,0.004281891168599465,3.185021791036624,4.680724520949114
allowable_wear_g6_3_offdesign,"G6,3 + допустимый износ",left_support,левая опора,0.004332866063463744,2.8936670860762645,4.398252370593576
allowable_wear_g6_3_offdesign,"G6,3 + допустимый износ",left_support,левая опора,0.004383840958328024,2.6015948288583783,4.1146895709602145
allowable_wear_g6_3_offdesign,"G6,3 + допустимый износ",left_support,левая опора,0.004434815853192302,2.3088774455126195,3.8301064380601644
allowable_wear_g6_3_offdesign,"G6,3 + допустимый износ",left_support,левая опора,0.004485790748056582,2.0155875221426895,3.544573540919977
allowable_wear_g6_3_offdesign,"G6,3 + допустимый износ",left_support,левая опора,0.004536765642920861,1.7217977868269714,3.2581616840824235
allowable_wear_g6_3_offdesign,"G6,3 + допустимый износ",left_support,левая опора,0.004587740537785141,1.4275810915838694,2.970941890048828
allowable_wear_g6_3_offdesign,"G6,3 + допустимый износ",left_support,левая опора,0.00463871543264942,1.1330103943064684,2.6829853816673963
allowable_wear_g6_3_offdesign,"G6,3 + допустимый износ",left_support,левая опора,0.004689690327513699,0.8381587406709057,2.394363564471834
allowable_wear_g6_3_offdesign,"G6,3 + допустимый износ",left_support,левая опора,0.004740665222377979,0.5430992460230026,2.105148008974687
allowable_wear_g6_3_offdesign,"G6,3 + допустимый износ",left_support,левая опора,0.004791640117242258,0.24790507724761604,1.8154104329197722
allowable_wear_g6_3_offdesign,"G6,3 + допустимый износ",left_support,левая опора,0.004842615012106537,-0.04735056537480542,1.5252226834980818
allowable_wear_g6_3_offdesign,"G6,3 + допустимый износ",left_support,левая опора,0.004893589906970816,-0.3425944663199517,1.2346567195315825
allowable_wear_g6_3_offdesign,"G6,3 + допустимый износ",left_support,левая опора,0.004944564801835096,-0.6377534129751175,0.9437845936293786
allowable_wear_g6_3_offdesign,"G6,3 + допустимый износ",left_support,левая опора,0.0049955396966993755,-0.9327542137940136,0.652678434320551
allowable_wear_g6_3_offdesign,"G6,3 + допустимый износ",left_support,левая опора,0.005046514591563655,-1.227523716446287,0.3614104281682356
allowable_wear_g6_3_offdesign,"G6,3 + допустимый износ",left_support,левая опора,0.005097489486427934,-1.5219888259573613,0.07005280186926893
allowable_wear_g6_3_offdesign,"G6,3 + допустимый износ",left_support,левая опора,0.005148464381292213,-1.8160765228340523,-0.22132219565611877
allowable_wear_g6_3_offdesign,"G6,3 + допустимый износ",left_support,левая опора,0.005199439276156493,-2.1097138811714267,-0.51264231118008
allowable_wear_g6_3_offdesign,"G6,3 + допустимый износ",left_support,левая опора,0.005250414171020772,-2.402828086736513,-0.8038353050840562
allowable_wear_g6_3_offdesign,"G6,3 + допустимый износ",left_support,левая опора,0.005301389065885051,-2.6953464550242585,-1.0948289692722437
allowable_wear_g6_3_offdesign,"G6,3 + допустимый износ",left_support,левая опора,0.0053523639607493305,-2.9871964492813787,-1.3855511450773081
allowable_wear_g6_3_offdesign,"G6,3 + допустимый износ",left_support,левая опора,0.00540333885561361,-3.278305698493507,-1.6759297411537768
allowable_wear_g6_3_offdesign,"G6,3 + допустимый износ",left_support,левая опора,0.00545431375047789,-3.5686020153313045,-1.965892751354802
allowable_wear_g6_3_offdesign,"G6,3 + допустимый износ",left_support,левая опора,0.005505288645342169,-3.8580134140509683,-2.2553682725877358
allowable_wear_g6_3_offdesign,"G6,3 + допустимый износ",left_support,левая опора,0.005556263540206448,-4.146468128344786,-2.5442845226441935
allowable_wear_g6_3_offdesign,"G6,3 + допустимый износ",left_support,левая опора,0.005607238435070727,-4.433894629137279,-2.8325698580001357
allowable_wear_g6_3_offdesign,"G6,3 + допустимый износ",left_support,левая опора,0.005658213329935007,-4.720221642322474,-3.120152791581526
allowable_wear_g6_3_offdesign,"G6,3 + допустимый износ",left_support,левая опора,0.005709188224799286,-5.005378166438017,-3.40696201049125
allowable_wear_g6_3_offdesign,"G6,3 + допустимый износ",left_support,левая опора,0.005760163119663565,-5.289293490271606,-3.692926393692778
allowable_wear_g6_3_offdesign,"G6,3 + допустимый износ",left_support,левая опора,0.005811138014527845,-5.571897210395524,-3.97797502964632
allowable_wear_g6_3_offdesign,"G6,3 + допустимый износ",left_support,левая опора,0.005862112909392124,-5.853119248624775,-4.262037233892966
allowable_wear_g6_3_offdesign,"G6,3 + допустимый износ",left_support,левая опора,0.005913087804256404,-6.13288986939462,-4.545042566582557
allowable_wear_g6_3_offdesign,"G6,3 + допустимый износ",left_support,левая опора,0.005964062699120682,-6.41113969705315,-4.8269208499409055
allowable_wear_g6_3_offdesign,"G6,3 + допустимый износ",left_support,левая опора,0.006015037593984962,-6.687799733064581,-5.107602185671991
allowable_wear_g6_3_offdesign,"G6,3 + допустимый износ",left_support,левая опора,0.0060660124888492414,-6.9628013731190475,-5.3870169722908745
allowable_wear_g6_3_offdesign,"G6,3 + допустимый износ",left_support,левая опора,0.006116987383713521,-7.236076424144654,-5.665095922383018
allowable_wear_g6_3_offdesign,"G6,3 + допустимый износ",left_support,левая опора,0.0061679622785778005,-7.507557121217529,-5.941770079785711
allowable_wear_g6_3_offdesign,"G6,3 + допустимый износ",left_support,левая опора,0.006218937173442079,-7.777176144365727,-6.21697083668737
allowable_wear_g6_3_offdesign,"G6,3 + допустимый износ",left_support,левая опора,0.006269912068306359,-8.044866635262785,-6.490629950640432
allowable_wear_g6_3_offdesign,"G6,3 + допустимый износ",left_support,левая опора,0.006320886963170638,-8.31056221380679,-6.762679561483664
allowable_wear_g6_3_offdesign,"G6,3 + допустимый износ",left_support,левая опора,0.006371861858034918,-8.574196994580891,-7.033052208169679
allowable_wear_g6_3_offdesign,"G6,3 + допустимый износ",left_support,левая опора,0.0064228367528991965,-8.835705603191107,-7.301680845493462
allowable_wear_g6_3_offdesign,"G6,3 + допустимый износ",left_support,левая опора,0.006473811647763476,-9.095023192477472,-7.568498860717828
allowable_wear_g6_3_offdesign,"G6,3 + допустимый износ",left_support,левая опора,0.0065247865426277555,-9.352085458594344,-7.833440090091559
allowable_wear_g6_3_offdesign,"G6,3 + допустимый износ",left_support,левая опора,0.006575761437492035,-9.60682865695608,-8.096438835256272
allowable_wear_g6_3_offdesign,"G6,3 + допустимый износ",left_support,левая опора,0.006626736332356315,-9.859189618044011,-8.357429879537875
allowable_wear_g6_3_offdesign,"G6,3 + допустимый износ",left_support,левая опора,0.006677711227220593,-10.10910576307073,-8.616348504118516
allowable_wear_g6_3_offdesign,"G6,3 + допустимый износ",left_support,левая опора,0.006728686122084873,-10.356515119498036,-8.87313050408518
allowable_wear_g6_3_offdesign,"G6,3 + допустимый износ",left_support,левая опора,0.006779661016949152,-10.601356336404434,-9.127712204350757
allowable_wear_g6_3_offdesign,"G6,3 + допустимый износ",left_support,левая опора,0.006830635911813432,-10.843568699698535,-9.380030475443789
allowable_wear_g6_3_offdesign,"G6,3 + допустимый износ",left_support,левая опора,0.0068816108066777106,-11.083092147174515,-9.630022749162853
allowable_wear_g6_3_offdesign,"G6,3 + допустимый износ",left_support,левая опора,0.00693258570154199,-11.319867283405966,-9.877627034091864
allowable_wear_g6_3_offdesign,"G6,3 + допустимый износ",left_support,левая опора,0.00698356059640627,-11.553835394474362,-10.122781930972254
allowable_wear_g6_3_offdesign,"G6,3 + допустимый износ",left_support,левая опора,0.007034535491270549,-11.784938462528562,-10.36542664792837
allowable_wear_g6_3_offdesign,"G6,3 + допустимый износ",left_support,левая опора,0.007085510386134829,-12.013119180171646,-10.605501015542208
allowable_wear_g6_3_offdesign,"G6,3 + допустимый износ",left_support,левая опора,0.007136485280999107,-12.238320964671683,-10.842945501773865
allowable_wear_g6_3_offdesign,"G6,3 + допустимый износ",left_support,левая опора,0.007187460175863387,-12.460487971992691,-11.077701226723873
allowable_wear_g6_3_offdesign,"G6,3 + допустимый износ",left_support,левая опора,0.0072384350707276664,-12.67956511064248,-11.309709977233833
allowable_wear_g6_3_offdesign,"G6,3 + допустимый износ",left_support,левая опора,0.007289409965591946,-12.89549805533389,-11.538914221321756
allowable_wear_g6_3_offdesign,"G6,3 + допустимый износ",left_support,левая опора,0.007340384860456225,-13.108233260455997,-11.765257122448437
allowable_wear_g6_3_offdesign,"G6,3 + допустимый износ",left_support,левая опора,0.007391359755320504,-13.317717973352005,-11.988682553611419
allowable_wear_g6_3_offdesign,"G6,3 + допустимый износ",left_support,левая опора,0.007442334650184784,-13.523900247400475,-12.209135111262956
allowable_wear_g6_3_offdesign,"G6,3 + допустимый износ",left_support,левая опора,0.007493309545049063,-13.726728954896737,-12.426560129048662
allowable_wear_g6_3_offdesign,"G6,3 + допустимый износ",left_support,левая опора,0.007544284439913342,-13.926153799731175,-12.640903691363285
allowable_wear_g6_3_offdesign,"G6,3 + допустимый износ",left_support,левая опора,0.0075952593347776215,-14.122125329861328,-12.852112646720336
allowable_wear_g6_3_offdesign,"G6,3 + допустимый износ",left_support,левая опора,0.007646234229641901,-14.314594949574666,-13.06013462093224
allowable_wear_g6_3_offdesign,"G6,3 + допустимый износ",left_support,левая опора,0.0076972091245061805,-14.503514931539046,-13.264918030097757
allowable_wear_g6_3_offdesign,"G6,3 + допустимый износ",left_support,левая опора,0.00774818401937046,-14.688838428637816,-13.466412093393394
allowable_wear_g6_3_offdesign,"G6,3 + допустимый износ",left_support,левая опора,0.007799158914234739,-14.870519485586629,-13.66456684566569
allowable_wear_g6_3_offdesign,"G6,3 + допустимый износ",left_support,левая опора,0.00785013380909902,-15.048513050329168,-13.859333149821268
allowable_wear_g6_3_offdesign,"G6,3 + допустимый износ",left_support,левая опора,0.007901108703963298,-15.222774985208803,-14.05066270901149
allowable_wear_g6_3_offdesign,"G6,3 + допустимый износ",left_support,левая опора,0.007952083598827576,-15.393262077913597,-14.238508078608819
allowable_wear_g6_3_offdesign,"G6,3 + допустимый износ",left_support,левая опора,0.008003058493691857,-15.5599320521918,-14.422822677971812
allowable_wear_g6_3_offdesign,"G6,3 + допустимый износ",left_support,левая опора,0.008054033388556136,-15.722743578335196,-14.60356080199585
allowable_wear_g6_3_offdesign,"G6,3 + допустимый износ",left_support,левая опора,0.008105008283420414,-15.881656283427805,-14.78067763244682
allowable_wear_g6_3_offdesign,"G6,3 + допустимый износ",left_support,левая опора,0.008155983178284695,-16.036630761357298,-14.954129249074834
allowable_wear_g6_3_offdesign,"G6,3 + допустимый износ",left_support,левая опора,0.008206958073148973,-16.187628582586598,-15.123872640505251
allowable_wear_g6_3_offdesign,"G6,3 + допустимый износ",left_support,левая опора,0.008257932968013254,-16.33461230368347,-15.289865714904405
allowable_wear_g6_3_offdesign,"G6,3 + допустимый износ",left_support,левая опора,0.008308907862877532,-16.477545476605414,-15.452067310417188
allowable_wear_g6_3_offdesign,"G6,3 + допустимый износ",left_support,левая опора,0.008359882757741811,-16.616392657737872,-15.61043720537417
allowable_wear_g6_3_offdesign,"G6,3 + допустимый износ",left_support,левая опора,0.008410857652606091,-16.751119416683242,-15.76493612826543
allowable_wear_g6_3_offdesign,"G6,3 + допустимый износ",left_support,левая опора,0.00846183254747037,-16.881692344798726,-15.915525767478876
allowable_wear_g6_3_offdesign,"G6,3 + допустимый износ",left_support,левая опора,0.00851280744233465,-17.00807906348081,-16.062168780800526
allowable_wear_g6_3_offdesign,"G6,3 + допустимый износ",left_support,левая опора,0.00856378233719893,-17.130248232194226,-16.204828804674317
allowable_wear_g6_3_offdesign,"G6,3 + допустимый износ",left_support,левая опора,0.008614757232063208,-17.248169556243635,-16.343470463219358
allowable_wear_g6_3_offdesign,"G6,3 + допустимый износ",left_support,левая опора,0.008665732126927488,-17.36181379428587,-16.478059377002186
allowable_wear_g6_3_offdesign,"G6,3 + допустимый износ",left_support,левая опора,0.008716707021791767,-17.471152765581007,-16.60856217156192
allowable_wear_g6_3_offdesign,"G6,3 + допустимый износ",left_support,левая опора,0.008767681916656047,-17.576159356980455,-16.73494648568629
allowable_wear_g6_3_offdesign,"G6,3 + допустимый износ",left_support,левая опора,0.008818656811520326,-17.676807529650276,-16.857180979436304
allowable_wear_g6_3_offdesign,"G6,3 + допустимый износ",left_support,левая опора,0.008869631706384605,-17.773072325528137,-16.97523534191774
allowable_wear_g6_3_offdesign,"G6,3 + допустимый износ",left_support,левая опора,0.008920606601248885,-17.86492987351223,-17.089080298797473
allowable_wear_g6_3_offdesign,"G6,3 + допустимый износ",left_support,левая опора,0.008971581496113164,-17.95235739538068,-17.19868761956264
allowable_wear_g6_3_offdesign,"G6,3 + допустимый износ",left_support,левая опора,0.009022556390977442,-18.035333211439934,-17.304030124521148
allowable_wear_g6_3_offdesign,"G6,3 + допустимый износ",left_support,левая опора,0.009073531285841723,-18.113836745900723,-17.405081691541458
allowable_wear_g6_3_offdesign,"G6,3 + допустимый износ",left_support,левая опора,0.009124506180706001,-18.187848531980357,-17.50181726253019
allowable_wear_g6_3_offdesign,"G6,3 + допустимый износ",left_support,левая опора,0.009175481075570282,-18.25735021672993,-17.594212849645874
allowable_wear_g6_3_offdesign,"G6,3 + допустимый износ",left_support,левая опора,0.00922645597043456,-18.32232456558536,-17.682245541247273
allowable_wear_g6_3_offdesign,"G6,3 + допустимый износ",left_support,левая опора,0.00927743086529884,-18.38275546664114,-17.765893507574877
allowable_wear_g6_3_offdesign,"G6,3 + допустимый износ",left_support,левая опора,0.00932840576016312,-18.43862793464561,-17.845136006164097
allowable_wear_g6_3_offdesign,"G6,3 + допустимый износ",left_support,левая опора,0.009379380655027398,-18.48992811471693,-17.91995338698883
allowable_wear_g6_3_offdesign,"G6,3 + допустимый износ",left_support,левая опора,0.009430355549891679,-18.53664328577873,-17.990327097334166
allowable_wear_g6_3_offdesign,"G6,3 + допустимый износ",left_support,левая опора,0.009481330444755957,-18.57876186371457,-18.05623968639694
allowable_wear_g6_3_offdesign,"G6,3 + допустимый износ",left_support,левая опора,0.009532305339620236,-18.616273404240502,-18.117674809613085
allowable_wear_g6_3_offdesign,"G6,3 + допустимый износ",left_support,левая опора,0.009583280234484516,-18.64916860549499,-18.174617232710645
allowable_wear_g6_3_offdesign,"G6,3 + допустимый износ",left_support,левая опора,0.009634255129348795,-18.6774393103455,-18.227052835487445
allowable_wear_g6_3_offdesign,"G6,3 + допустимый износ",left_support,левая опора,0.009685230024213074,-18.701078508411257,-18.274968615312574
allowable_wear_g6_3_offdesign,"G6,3 + допустимый износ",left_support,левая опора,0.009736204919077354,-18.720080337801658,-18.318352690350636
allowable_wear_g6_3_offdesign,"G6,3 + допустимый износ",left_support,левая опора,0.009787179813941633,-18.734440086569823,-18.35719430250816
allowable_wear_g6_3_offdesign,"G6,3 + допустимый износ",left_support,левая опора,0.009838154708805913,-18.744154193881062,-18.39148382010131
allowable_wear_g6_3_offdesign,"G6,3 + допустимый износ",left_support,левая опора,0.009889129603670192,-18.749220250895856,-18.4212127402443
allowable_wear_g6_3_offdesign,"G6,3 + допустимый износ",left_support,левая опора,0.00994010449853447,-18.749637001367184,-18.446373690957856
allowable_wear_g6_3_offdesign,"G6,3 + допустимый износ",left_support,левая опора,0.009991079393398751,-18.745404341952053,-18.4669604329973
allowable_wear_g6_3_offdesign,"G6,3 + допустимый износ",left_support,левая опора,0.01004205428826303,-18.736523322237094,-18.482967861399697
allowable_wear_g6_3_offdesign,"G6,3 + допустимый износ",left_support,левая опора,0.01009302918312731,-18.72299614447833,-18.494392006749745
allowable_wear_g6_3_offdesign,"G6,3 + допустимый износ",left_support,левая опора,0.010144004077991589,-18.704826163055046,-18.501230036164106
allowable_wear_g6_3_offdesign,"G6,3 + допустимый износ",left_support,левая опора,0.010194978972855867,-18.682017883638007,-18.503480253993867
allowable_wear_g6_3_offdesign,"G6,3 + допустимый износ",left_support,левая опора,0.010245953867720148,-18.654576962072163,-18.501142102245026
allowable_wear_g6_3_offdesign,"G6,3 + допустимый износ",left_support,левая опора,0.010296928762584426,-18.62251020297416,-18.494216160716853
allowable_wear_g6_3_offdesign,"G6,3 + допустимый износ",left_support,левая опора,0.010347903657448707,-18.58582555804497,-18.48270414685812
allowable_wear_g6_3_offdesign,"G6,3 + допустимый износ",left_support,левая опора,0.010398878552312986,-18.544532124098087,-18.46660891534121
allowable_wear_g6_3_offdesign,"G6,3 + допустимый износ",left_support,левая опора,0.010449853447177264,-18.49864014080375,-18.445934457354255
allowable_wear_g6_3_offdesign,"G6,3 + допустимый износ",left_support,левая опора,0.010500828342041545,-18.448160988149787,-18.420685899611403
allowable_wear_g6_3_offdesign,"G6,3 + допустимый износ",left_support,левая опора,0.010551803236905823,-18.393107183619673,-18.390869503081547
allowable_wear_g6_3_offdesign,"G6,3 + допустимый износ",left_support,левая опора,0.010602778131770102,-18.333492379088547,-18.356492661435762
allowable_wear_g6_3_offdesign,"G6,3 + допустимый износ",left_support,левая опора,0.010653753026634382,-18.269331357437874,-18.317563899213877
allowable_wear_g6_3_offdesign,"G6,3 + допустимый износ",left_support,левая опора,0.010704727921498661,-18.200640028889737,-18.274092869710625
allowable_wear_g6_3_offdesign,"G6,3 + допустимый износ",left_support,левая опора,0.010755702816362941,-18.12743542706147,-18.22609035258185
allowable_wear_g6_3_offdesign,"G6,3 + допустимый износ",left_support,левая опора,0.01080667771122722,-18.04973570474183,-18.173568251171492
allowable_wear_g6_3_offdesign,"G6,3 + допустимый износ",left_support,левая опора,0.010857652606091499,-17.967560129389533,-18.11653958955982
allowable_wear_g6_3_offdesign,"G6,3 + допустимый износ",left_support,левая опора,0.01090862750095578,-17.880929078355486,-18.05501850933386
allowable_wear_g6_3_offdesign,"G6,3 + допустимый износ",left_support,левая опора,0.010959602395820058,-17.789864033829726,-17.989020266080605
allowable_wear_g6_3_offdesign,"G6,3 + допустимый износ",left_support,левая опора,0.011010577290684338,-17.6943875775144,-17.918561225604087
allowable_wear_g6_3_offdesign,"G6,3 + допустимый износ",left_support,левая опора,0.011061552185548617,-17.594523385024146,-17.843658859867062
allowable_wear_g6_3_offdesign,"G6,3 + допустимый износ",left_support,левая опора,0.011112527080412896,-17.49029622001512,-17.764331742658438
allowable_wear_g6_3_offdesign,"G6,3 + допустимый износ",left_support,левая опора,0.011163501975277176,-17.381731928044292,-17.68059954498747
allowable_wear_g6_3_offdesign,"G6,3 + допустимый износ",left_support,левая опора,0.011214476870141455,-17.268857430160455,-17.592483030205877
allowable_wear_g6_3_offdesign,"G6,3 + допустимый износ",left_support,левая опора,0.011265451765005733,-17.1517007162285,-17.50000404885909
allowable_wear_g6_3_offdesign,"G6,3 + допустимый износ",left_support,левая опора,0.011316426659870014,-17.030290837988666,-17.40318553326787
allowable_wear_g6_3_offdesign,"G6,3 + допустимый износ",left_support,левая опора,0.011367401554734292,-16.904657901852534,-17.30205149184176
allowable_wear_g6_3_offdesign,"G6,3 + допустимый износ",left_support,левая опора,0.011418376449598573,-16.774833061437366,-17.196627003125577
allowable_wear_g6_3_offdesign,"G6,3 + допустимый износ",left_support,левая опора,0.011469351344462851,-16.640848509840925,-17.086938209580648
allowable_wear_g6_3_offdesign,"G6,3 + допустимый износ",left_support,левая опора,0.01152032623932713,-16.50273747165836,-16.97301231110216
allowable_wear_g6_3_offdesign,"G6,3 + допустимый износ",left_support,левая опора,0.01157130113419141,-16.36053419474344,-16.854877558274296
allowable_wear_g6_3_offdesign,"G6,3 + допустимый износ",left_support,левая опора,0.01162227602905569,-16.21427394171601,-16.732563245364876
allowable_wear_g6_3_offdesign,"G6,3 + допустимый износ",left_support,левая опора,0.01167325092391997,-16.063992981217762,-16.606099703061137
allowable_wear_g6_3_offdesign,"G6,3 + допустимый износ",left_support,левая опора,0.011724225818784248,-15.909728578918617,-16.475518290948543
allowable_wear_g6_3_offdesign,"G6,3 + допустимый износ",left_support,левая опора,0.011775200713648527,-15.751518988275809,-16.34085138973443
allowable_wear_g6_3_offdesign,"G6,3 + допустимый износ",left_support,левая опора,0.011826175608512807,-15.589403441048042,-16.202132393218456
allowable_wear_g6_3_offdesign,"G6,3 + допустимый износ",left_support,левая опора,0.011877150503377086,-15.423422137567098,-16.05939570001186
allowable_wear_g6_3_offdesign,"G6,3 + допустимый износ",left_support,левая опора,0.011928125398241365,-15.253616236769192,-15.912676705007483
allowable_wear_g6_3_offdesign,"G6,3 + допустимый износ",left_support,левая опора,0.011979100293105645,-15.080027845988651,-15.762011790602799
allowable_wear_g6_3_offdesign,"G6,3 + допустимый износ",left_support,левая опора,0.012030075187969924,-14.902700010516456,-15.607438317678053
allowable_wear_g6_3_offdesign,"G6,3 + допустимый износ",left_support,левая опора,0.012081050082834204,-14.72167670292611,-15.448994616331744
allowable_wear_g6_3_offdesign,"G6,3 + допустимый износ",left_support,левая опора,0.012132024977698483,-14.537002812169655,-15.286719976375808
allowable_wear_g6_3_offdesign,"G6,3 + допустимый износ",left_support,левая опора,0.012182999872562762,-14.34872413244638,-15.120654637592768
allowable_wear_g6_3_offdesign,"G6,3 + допустимый износ",left_support,левая опора,0.012233974767427042,-14.156887351847082,-14.950839779757342
allowable_wear_g6_3_offdesign,"G6,3 + допустимый износ",left_support,левая опора,0.01228494966229132,-13.961540040776704,-14.77731751242499
allowable_wear_g6_3_offdesign,"G6,3 + допустимый износ",left_support,левая опора,0.012335924557155601,-13.762730640158066,-14.600130864489811
allowable_wear_g6_3_offdesign,"G6,3 + допустимый износ",left_support,левая опора,0.01238689945201988,-13.5605084494199,-14.419323773514588
allowable_wear_g6_3_offdesign,"G6,3 + допустимый износ",left_support,левая опора,0.012437874346884158,-13.35492361427184,-14.234941074835396
allowable_wear_g6_3_offdesign,"G6,3 + допустимый износ",left_support,левая опора,0.012488849241748439,-13.146027114269641,-14.04702849044365
allowable_wear_g6_3_offdesign,"G6,3 + допустимый износ",left_support,левая опора,0.012539824136612717,-12.933870750173634,-13.855632617648295
allowable_wear_g6_3_offdesign,"G6,3 + допустимый износ",left_support,левая опора,0.012590799031476998,-12.718507131103472,-13.66080091752086
allowable_wear_g6_3_offdesign,"G6,3 + допустимый износ",left_support,левая опора,0.012641773926341277,-12.499989661492526,-13.462581703126444
allowable_wear_g6_3_offdesign,"G6,3 + допустимый износ",left_support,левая опора,0.012692748821205555,-12.278372527844954,-13.261024127543314
allowable_wear_g6_3_offdesign,"G6,3 + допустимый износ",left_support,левая опора,0.012743723716069836,-12.053710685298935,-13.05617817167427
allowable_wear_g6_3_offdesign,"G6,3 + допустимый износ",left_support,левая опора,0.012794698610934114,-11.826059843999259,-12.848094631852739
allowable_wear_g6_3_offdesign,"G6,3 + допустимый износ",left_support,левая опора,0.012845673505798393,-11.595476455282656,-12.636825107246578
allowable_wear_g6_3_offdesign,"G6,3 + допустимый износ",left_support,левая опора,0.012896648400662673,-11.36201769767941,-12.422421987062913
allowable_wear_g6_3_offdesign,"G6,3 + допустимый износ",left_support,левая опора,0.012947623295526952,-11.125741462734613,-12.20493843755701
allowable_wear_g6_3_offdesign,"G6,3 + допустимый износ",left_support,левая опора,0.012998598190391232,-10.886706340652564,-11.984428388848414
allowable_wear_g6_3_offdesign,"G6,3 + допустимый износ",left_support,левая опора,0.013049573085255511,-10.644971605768012,-11.760946521547782
allowable_wear_g6_3_offdesign,"G6,3 + допустимый износ",left_support,левая опора,0.01310054798011979,-10.400597201847663,-11.534548253197494
allowable_wear_g6_3_offdesign,"G6,3 + допустимый износ",left_support,левая опора,0.01315152287498407,-10.153643727225738,-11.305289724529612
allowable_wear_g6_3_offdesign,"G6,3 + допустимый износ",left_support,левая опора,0.013202497769848349,-9.904172419777208,-11.073227785544466
allowable_wear_g6_3_offdesign,"G6,3 + допустимый износ",left_support,левая опора,0.01325347266471263,-9.65224514173241,-10.83841998141336
allowable_wear_g6_3_offdesign,"G6,3 + допустимый износ",left_support,левая опора,0.013304447559576908,-9.397924364336928,-10.60092453820896
allowable_wear_g6_3_offdesign,"G6,3 + допустимый износ",left_support,левая опора,0.013355422454441187,-9.14127315236031,-10.360800348466691
allowable_wear_g6_3_offdesign,"G6,3 + допустимый износ",left_support,левая опора,0.013406397349305467,-8.882355148457728,-10.118106956581025
allowable_wear_g6_3_offdesign,"G6,3 + допустимый износ",left_support,левая опора,0.013457372244169746,-8.621234557388295,-9.872904544040036
allowable_wear_g6_3_offdesign,"G6,3 + допустимый износ",left_support,левая опора,0.013508347139034024,-8.357976130093993,-9.625253914502002
allowable_wear_g6_3_offdesign,"G6,3 + допустимый износ",left_support,левая опора,0.013559322033898305,-8.092645147643172,-9.375216478717718
allowable_wear_g6_3_offdesign,"G6,3 + допустимый износ",left_support,левая опора,0.013610296928762583,-7.8253074050425715,-9.122854239302262
allowable_wear_g6_3_offdesign,"G6,3 + допустимый износ",left_support,левая опора,0.013661271823626864,-7.556029194921922,-8.868229775359998
allowable_wear_g6_3_offdesign,"G6,3 + допустимый износ",left_support,левая опора,0.013712246718491142,-7.284877291095178,-8.611406226966674
allowable_wear_g6_3_offdesign,"G6,3 + допустимый износ",left_support,левая опора,0.013763221613355421,-7.011918932002317,-8.352447279512285
allowable_wear_g6_3_offdesign,"G6,3 + допустимый износ",left_support,левая опора,0.013814196508219702,-6.737221804036057,-8.091417147908857
allowable_wear_g6_3_offdesign,"G6,3 + допустимый износ",left_support,левая опора,0.01386517140308398,-6.460854024757415,-7.82838056066683
allowable_wear_g6_3_offdesign,"G6,3 + допустимый износ",left_support,левая опора,0.01391614629794826,-6.182884126004364,-7.563402743844124
allowable_wear_g6_3_offdesign,"G6,3 + допустимый износ",left_support,левая опора,0.01396712119281254,-5.9033810368978346,-7.296549404871876
allowable_wear_g6_3_offdesign,"G6,3 + допустимый износ",left_support,левая опора,0.014018096087676818,-5.622414066748979,-7.027886716260597
allowable_wear_g6_3_offdesign,"G6,3 + допустимый износ",left_support,левая опора,0.014069070982541098,-5.340052887872448,-6.757481299191299
allowable_wear_g6_3_offdesign,"G6,3 + допустимый износ",left_support,левая опора,0.014120045877405377,-5.0563675183095045,-6.485400206995197
allowable_wear_g6_3_offdesign,"G6,3 + допустимый износ",left_support,левая опора,0.014171020772269657,-4.771428304465335,-6.211710908526202
allowable_wear_g6_3_offdesign,"G6,3 + допустимый износ",left_support,левая опора,0.014221995667133936,-4.485305903665082,-5.936481271430499
allowable_wear_g6_3_offdesign,"G6,3 + допустимый износ",left_support,левая опора,0.014272970561998215,-4.198071266632693,-5.6597795453171695
allowable_wear_g6_3_offdesign,"G6,3 + допустимый износ",left_support,левая опора,0.014323945456862495,-3.909795619897021,-5.381674344834091
allowable_wear_g6_3_offdesign,"G6,3 + допустимый износ",left_support,левая опора,0.014374920351726774,-3.6205504481296056,-5.102234632653402
allowable_wear_g6_3_offdesign,"G6,3 + допустимый износ",left_support,левая опора,0.014425895246591052,-3.3304074764183063,-4.82152970237051
allowable_wear_g6_3_offdesign,"G6,3 + допустимый износ",left_support,левая опора,0.014476870141455333,-3.0394386524813735,-4.539629161321126
allowable_wear_g6_3_offdesign,"G6,3 + допустимый износ",left_support,левая опора,0.014527845036319612,-2.7477161288264766,-4.2566029133206325
allowable_wear_g6_3_offdesign,"G6,3 + допустимый износ",left_support,левая опора,0.014578819931183892,-2.4553122448586504,-3.9725211413296466
allowable_wear_g6_3_offdesign,"G6,3 + допустимый износ",left_support,левая опора,0.01462979482604817,-2.1622995089421293,-3.6874542900506007
allowable_wear_g6_3_offdesign,"G6,3 + допустимый износ",left_support,левая опора,0.01468076972091245,-1.868750580420192,-3.4014730484593163
allowable_wear_g6_3_offdesign,"G6,3 + допустимый износ",left_support,левая опора,0.01473174461577673,-1.5747382515975656,-3.114648332276007
allowable_wear_g6_3_offdesign,"G6,3 + допустимый износ",left_support,левая опора,0.014782719510641008,-1.2803354296899412,-2.8270512663801357
allowable_wear_g6_3_offdesign,"G6,3 + допустимый износ",left_support,левая опора,0.014833694405505289,-0.9856151187448292,-2.538753167173246
allowable_wear_g6_3_offdesign,"G6,3 + допустимый износ",left_support,левая опора,0.014884669300369567,-0.690650401538572,-2.249825524894463
allowable_wear_g6_3_offdesign,"G6,3 + допустимый износ",left_support,левая опора,0.014935644195233846,-0.39551442145374444,-1.9603399858927988
allowable_wear_g6_3_offdesign,"G6,3 + допустимый износ",left_support,левая опора,0.014986619090098127,-0.1002803643415475,-1.670368334860775
allowable_wear_g6_3_offdesign,"G6,3 + допустимый износ",left_support,левая опора,0.015037593984962405,0.19497855962633046,-1.3799824770337306
allowable_wear_g6_3_offdesign,"G6,3 + допустимый износ",left_support,левая опора,0.015088568879826684,0.49018913411188475,-1.0892544203592416
allowable_wear_g6_3_offdesign,"G6,3 + допустимый износ",left_support,левая опора,0.015139543774690964,0.7852781547665088,-0.7982562576410552
allowable_wear_g6_3_offdesign,"G6,3 + допустимый износ",left_support,левая опора,0.015190518669555243,1.0801724473836547,-0.5070601486620625
allowable_wear_g6_3_offdesign,"G6,3 + допустимый износ",left_support,левая опора,0.015241493564419523,1.374798886044183,-0.2157383022904978
allowable_wear_g6_3_offdesign,"G6,3 + допустимый износ",left_support,левая опора,0.015292468459283802,1.6690844112495762,0.07563704142586801
allowable_wear_g6_3_offdesign,"G6,3 + допустимый износ",left_support,левая опора,0.01534344335414808,1.9629560480387593,0.36699362917334966
allowable_wear_g6_3_offdesign,"G6,3 + допустимый износ",left_support,левая опора,0.015394418249012361,2.256340924083946,0.6582592122892416
allowable_wear_g6_3_offdesign,"G6,3 + допустимый износ",left_support,левая опора,0.01544539314387664,2.549166287761032,0.94936156467756
allowable_wear_g6_3_offdesign,"G6,3 + допустимый износ",left_support,левая опора,0.01549636803874092,2.841359526190072,1.240228500719204
allowable_wear_g6_3_offdesign,"G6,3 + допустимый износ",left_support,левая опора,0.015547342933605199,3.132848183241275,1.5307878931719985
allowable_wear_g6_3_offdesign,"G6,3 + допустимый износ",left_support,левая опора,0.015598317828469477,3.4235599775022862,1.820967691056425
allowable_wear_g6_3_offdesign,"G6,3 + допустимый износ",left_support,левая опора,0.015649292723333756,3.7134228202019886,2.110695937522276
allowable_wear_g6_3_offdesign,"G6,3 + допустимый износ",left_support,левая опора,0.01570026761819804,4.002364833086623,2.399900787692071
allowable_wear_g6_3_offdesign,"G6,3 + допустимый износ",left_support,левая опора,0.015751242513062317,4.290314366243615,2.6885105264765983
allowable_wear_g6_3_offdesign,"G6,3 + допустимый износ",left_support,левая опора,0.015802217407926596,4.577200015868942,2.976453586358449
allowable_wear_g6_3_offdesign,"G6,3 + допустимый износ",left_support,левая опора,0.015853192302790874,4.862950641973288,3.263658565138766
allowable_wear_g6_3_offdesign,"G6,3 + допустимый износ",left_support,левая опора,0.015904167197655153,5.147495386022945,3.5500542436431695
allowable_wear_g6_3_offdesign,"G6,3 + допустимый износ",left_support,левая опора,0.015955142092519435,5.43076368851076,3.835569603382128
allowable_wear_g6_3_offdesign,"G6,3 + допустимый износ",left_support,левая опора,0.016006116987383714,5.712685306453009,4.120133844161653
allowable_wear_g6_3_offdesign,"G6,3 + допустимый износ",left_support,левая опора,0.016057091882247992,5.993190330807866,4.403676401639939
allowable_wear_g6_3_offdesign,"G6,3 + допустимый износ",left_support,левая опора,0.01610806677711227,6.272209203810912,4.6861269648253705
allowable_wear_g6_3_offdesign,"G6,3 + допустимый износ",left_support,левая опора,0.01615904167197655,6.549672736223629,4.967415493511794
allowable_wear_g6_3_offdesign,"G6,3 + допустимый износ",left_support,левая опора,0.01621001656684083,6.825512124490478,5.247472235646614
allowable_wear_g6_3_offdesign,"G6,3 + допустимый износ",left_support,левая опора,0.01626099146170511,7.099658967800369,5.526227744627466
allowable_wear_g6_3_offdesign,"G6,3 + допустимый износ",left_support,левая опора,0.01631196635656939,7.372045285048165,5.80361289652305
allowable_wear_g6_3_offdesign,"G6,3 + допустимый износ",left_support,левая опора,0.016362941251433668,7.642603531692287,6.079558907214121
allowable_wear_g6_3_offdesign,"G6,3 + допустимый износ",left_support,левая опора,0.016413916146297947,7.911266616503888,6.353997349450056
allowable_wear_g6_3_offdesign,"G6,3 + допустимый износ",left_support,левая опора,0.016464891041162225,8.177967918203715,6.626860169816993
allowable_wear_g6_3_offdesign,"G6,3 + допустимый износ",left_support,левая опора,0.016515865936026507,8.442641301982407,6.898079705613289
allowable_wear_g6_3_offdesign,"G6,3 + допустимый износ",left_support,левая опора,0.016566840830890786,8.705221135900123,7.167588701627997
allowable_wear_g6_3_offdesign,"G6,3 + допустимый износ",left_support,левая опора,0.016617815725755065,8.965642307161588,7.435320326818458
allowable_wear_g6_3_offdesign,"G6,3 + допустимый износ",left_support,левая опора,0.016668790620619343,9.223840238262277,7.7012081908825545
allowable_wear_g6_3_offdesign,"G6,3 + допустимый износ",left_support,левая опора,0.016719765515483622,9.479750903001923,7.965186360721755
allowable_wear_g6_3_offdesign,"G6,3 + допустимый износ",left_support,левая опора,0.016770740410347904,9.733310842361332,8.227189376790776
allowable_wear_g6_3_offdesign,"G6,3 + допустимый износ",left_support,левая опора,0.016821715305212183,9.98445718023846,8.487152269329735
allowable_wear_g6_3_offdesign,"G6,3 + допустимый износ",left_support,левая опора,0.01687269020007646,10.23312763904008,8.745010574475014
allowable_wear_g6_3_offdesign,"G6,3 + допустимый износ",left_support,левая опора,0.01692366509494074,10.47926055512497,9.000700350244552
allowable_wear_g6_3_offdesign,"G6,3 + допустимый износ",left_support,левая опора,0.01697463998980502,10.722794894094779,9.254158192393694
allowable_wear_g6_3_offdesign,"G6,3 + допустимый износ",left_support,левая опора,0.0170256148846693,10.963670265928995,9.505321250137825
allowable_wear_g6_3_offdesign,"G6,3 + допустимый износ",left_support,левая опора,0.01707658977953358,11.201826939960005,9.754127241737613
allowable_wear_g6_3_offdesign,"G6,3 + допустимый износ",left_support,левая опора,0.01712756467439786,11.437205859684767,10.000514469943301
allowable_wear_g6_3_offdesign,"G6,3 + допустимый износ",left_support,левая опора,0.017178539569262137,11.66974865740921,10.24442183729393
allowable_wear_g6_3_offdesign,"G6,3 + допустимый износ",left_support,левая опора,0.017229514464126416,11.89939766872188,10.485788861267887
allowable_wear_g6_3_offdesign,"G6,3 + допустимый износ",left_support,левая опора,0.017280489358990698,12.12609594679317,10.724555689280972
allowable_wear_g6_3_offdesign,"G6,3 + допустимый износ",left_support,левая опора,0.017331464253854977,12.349787276496585,10.960663113528199
allowable_wear_g6_3_offdesign,"G6,3 + допустимый износ",left_support,левая опора,0.017382439148719255,12.570416188348664,11.19405258566582
allowable_wear_g6_3_offdesign,"G6,3 + допустимый износ",left_support,левая опора,0.017433414043583534,12.787927972263878,11.424666231329702
allowable_wear_g6_3_offdesign,"G6,3 + допустимый износ",left_support,левая опора,0.017484388938447813,13.002268691121282,11.65244686448664
allowable_wear_g6_3_offdesign,"G6,3 + допустимый износ",left_support,левая опора,0.017535363833312095,13.213385194139503,11.877338001614987
allowable_wear_g6_3_offdesign,"G6,3 + допустимый износ",left_support,левая опора,0.017586338728176373,13.421225130056662,12.099283875710997
allowable_wear_g6_3_offdesign,"G6,3 + допустимый износ",left_support,левая опора,0.017637313623040652,13.625736960112167,12.318229450117647
allowable_wear_g6_3_offdesign,"G6,3 + допустимый износ",left_support,левая опора,0.01768828851790493,13.8268699708269,12.534120432172191
allowable_wear_g6_3_offdesign,"G6,3 + допустимый износ",left_support,левая опора,0.01773926341276921,14.024574286578803,12.746903286669307
allowable_wear_g6_3_offdesign,"G6,3 + допустимый износ",left_support,левая опора,0.017790238307633488,14.218800881970761,12.956525249136446
allowable_wear_g6_3_offdesign,"G6,3 + допустимый износ",left_support,левая опора,0.01784121320249777,14.409501593987521,13.162934338917946
allowable_wear_g6_3_offdesign,"G6,3 + допустимый износ",left_support,левая опора,0.01789218809736205,14.59662913393885,13.366079372064855
allowable_wear_g6_3_offdesign,"G6,3 + допустимый износ",left_support,левая опора,0.017943162992226327,14.780137099185906,13.565909974027244
allowable_wear_g6_3_offdesign,"G6,3 + допустимый износ",left_support,левая опора,0.017994137887090606,14.959979984647832,13.762376592145705
allowable_wear_g6_3_offdesign,"G6,3 + допустимый износ",left_support,левая опора,0.018045112781954885,15.136113194085798,13.9554305079391
allowable_wear_g6_3_offdesign,"G6,3 + допустимый износ",left_support,левая опора,0.018096087676819167,15.308493051161694,14.145023849185446
allowable_wear_g6_3_offdesign,"G6,3 + допустимый износ",left_support,левая опора,0.018147062571683446,15.477076810268656,14.331109601792926
allowable_wear_g6_3_offdesign,"G6,3 + допустимый износ",left_support,левая опора,0.018198037466547724,15.641822667130898,14.513641621458177
allowable_wear_g6_3_offdesign,"G6,3 + допустимый износ",left_support,левая опора,0.018249012361412003,15.802689769170016,14.692574645108815
allowable_wear_g6_3_offdesign,"G6,3 + допустимый износ",left_support,левая опора,0.01829998725627628,15.95963822563535,14.867864302127467
allowable_wear_g6_3_offdesign,"G6,3 + допустимый износ",left_support,левая опора,0.018350962151140564,16.112629117495825,15.039467125354525
allowable_wear_g6_3_offdesign,"G6,3 + допустимый износ",left_support,левая опора,0.018401937046004842,16.26162450709082,15.2073405618668
allowable_wear_g6_3_offdesign,"G6,3 + допустимый износ",left_support,левая опора,0.01845291194086912,16.406587447537717,15.37144298352956
allowable_wear_g6_3_offdesign,"G6,3 + допустимый износ",left_support,левая опора,0.0185038868357334,16.547481991893736,15.531733697319165
allowable_wear_g6_3_offdesign,"G6,3 + допустимый износ",left_support,левая опора,0.01855486173059768,16.684273202069818,15.688172955413872
allowable_wear_g6_3_offdesign,"G6,3 + допустимый износ",left_support,левая опора,0.01860583662546196,16.81692715749433,15.84072196505022
allowable_wear_g6_3_offdesign,"G6,3 + допустимый износ",left_support,левая опора,0.01865681152032624,16.945410963524463,15.989342898142592
allowable_wear_g6_3_offdesign,"G6,3 + допустимый износ",left_support,левая опора,0.018707786415190518,17.06969275960324,16.1339989006636
allowable_wear_g6_3_offdesign,"G6,3 + допустимый износ",left_support,левая опора,0.018758761310054797,17.18974172716007,16.27465410178287
allowable_wear_g6_3_offdesign,"G6,3 + допустимый износ",left_support,левая опора,0.018809736204919075,17.30552809725296,16.4112736227621
allowable_wear_g6_3_offdesign,"G6,3 + допустимый износ",left_support,левая опора,0.018860711099783357,17.41702315795037,16.54382358560399
allowable_wear_g6_3_offdesign,"G6,3 + допустимый износ",left_support,левая опора,0.018911685994647636,17.52419926145103,16.672271121453118
allowable_wear_g6_3_offdesign,"G6,3 + допустимый износ",left_support,левая опора,0.018962660889511915,17.627029830939886,16.796584378746545
allowable_wear_g6_3_offdesign,"G6,3 + допустимый износ",left_support,левая опора,0.019013635784376193,17.725489367178387,16.916732531112142
allowable_wear_g6_3_offdesign,"G6,3 + допустимый износ",left_support,левая опора,0.019064610679240472,17.819553454827663,17.032685785012717
allowable_wear_g6_3_offdesign,"G6,3 + допустимый износ",left_support,левая опора,0.019115585574104754,17.90919876850285,17.144415387134003
allowable_wear_g6_3_offdesign,"G6,3 + допустимый износ",left_support,левая опора,0.019166560468969033,17.994403078557177,17.25189363151472
allowable_wear_g6_3_offdesign,"G6,3 + допустимый износ",left_support,левая опора,0.01921753536383331,18.075145256594308,17.355093866416915
allowable_wear_g6_3_offdesign,"G6,3 + допустимый износ",left_support,левая опора,0.01926851025869759,18.151405280707657,17.4539905009349
allowable_wear_g6_3_offdesign,"G6,3 + допустимый износ",left_support,левая опора,0.01931948515356187,18.22316424044524,17.54855901134107
allowable_wear_g6_3_offdesign,"G6,3 + допустимый износ",left_support,левая опора,0.019370460048426148,18.290404341498995,17.63877594716718
allowable_wear_g6_3_offdesign,"G6,3 + допустимый износ",left_support,левая опора,0.01942143494329043,18.3531089101173,17.724618937019407
allowable_wear_g6_3_offdesign,"G6,3 + допустимый износ",left_support,левая опора,0.01947240983815471,18.411262397239575,17.80606669412587
allowable_wear_g6_3_offdesign,"G6,3 + допустимый износ",left_support,левая опора,0.019523384733018987,18.464850382352093,17.88309902161518
allowable_wear_g6_3_offdesign,"G6,3 + допустимый износ",left_support,левая опора,0.019574359627883266,18.513859577063837,17.955696817524725
allowable_wear_g6_3_offdesign,"G6,3 + допустимый износ",left_support,левая опора,0.019625334522747544,18.558277828401692,18.02384207953744
allowable_wear_g6_3_offdesign,"G6,3 + допустимый износ",left_support,левая опора,0.019676309417611827,18.59809412182406,18.08751790944593
allowable_wear_g6_3_offdesign,"G6,3 + допустимый износ",left_support,левая опора,0.019727284312476105,18.63329858395214,18.14670851734272
allowable_wear_g6_3_offdesign,"G6,3 + допустимый износ",left_support,левая опора,0.019778259207340384,18.66388248501829,18.201399225535784
allowable_wear_g6_3_offdesign,"G6,3 + допустимый износ",left_support,левая опора,0.019829234102204663,18.689838241030795,18.251576472188216
allowable_wear_g6_3_offdesign,"G6,3 + допустимый износ",left_support,левая опора,0.01988020899706894,18.711159415654453,18.297227814681154
allowable_wear_g6_3_offdesign,"G6,3 + допустимый износ",left_support,левая опора,0.019931183891933223,18.727840721806622,18.338341932699283
allowable_wear_g6_3_offdesign,"G6,3 + допустимый износ",left_support,левая опора,0.019982158786797502,18.739878022968313,18.374908631037925
allowable_wear_g6_3_offdesign,"G6,3 + допустимый износ",left_support,левая опора,0.02003313368166178,18.747268334209885,18.40691884213119
allowable_wear_g6_3_offdesign,"G6,3 + допустимый износ",left_support,левая опора,0.02008410857652606,18.750009822931275,18.43436462830052
allowable_wear_g6_3_offdesign,"G6,3 + допустимый износ",left_support,левая опора,0.020135083471390338,18.748101809316395,18.457239183722965
allowable_wear_g6_3_offdesign,"G6,3 + допустимый износ",left_support,левая опора,0.02018605836625462,18.741544766501733,18.475536836118895
allowable_wear_g6_3_offdesign,"G6,3 + допустимый износ",left_support,левая опора,0.0202370332611189,18.73034032045902,18.48925304815855
allowable_wear_g6_3_offdesign,"G6,3 + допустимый износ",left_support,левая опора,0.020288008155983177,18.714491249592026,18.498384418587182
allowable_wear_g6_3_offdesign,"G6,3 + допустимый износ",left_support,левая опора,0.020338983050847456,18.6940014840476,18.502928683068472
allowable_wear_g6_3_offdesign,"G6,3 + допустимый износ",right_support,правая опора,0.0,-0.5515297542707176,-1.0219243802600064
allowable_wear_g6_3_offdesign,"G6,3 + допустимый износ",right_support,правая опора,5.097489486427934e-05,-0.5016339449560736,-0.9759400484811548
allowable_wear_g6_3_offdesign,"G6,3 + допустимый износ",right_support,правая опора,0.00010194978972855868,-0.4516137438026493,-0.9297137096005298
allowable_wear_g6_3_offdesign,"G6,3 + допустимый износ",right_support,правая опора,0.000152924684592838,-0.40148155448619294,-0.8832568265172259
allowable_wear_g6_3_offdesign,"G6,3 + допустимый износ",right_support,правая опора,0.00020389957945711736,-0.35124980845253057,-0.8365809192991509
allowable_wear_g6_3_offdesign,"G6,3 + допустимый износ",right_support,правая опора,0.0002548744743213967,-0.30093096183489854,-0.7896975623263564
allowable_wear_g6_3_offdesign,"G6,3 + допустимый износ",right_support,правая опора,0.000305849369185676,-0.250537492365155,-0.7426183814208995
allowable_wear_g6_3_offdesign,"G6,3 + допустимый износ",right_support,правая опора,0.0003568242640499554,-0.20008189627963488,-0.6953550509639502
allowable_wear_g6_3_offdesign,"G6,3 + допустимый износ",right_support,правая опора,0.0004077991589142347,-0.149576685220417,-0.6479192910008552
allowable_wear_g6_3_offdesign,"G6,3 + допустимый износ",right_support,правая опора,0.00045877405377851404,-0.09903438313277041,-0.6003228643348802
allowable_wear_g6_3_offdesign,"G6,3 + допустимый износ",right_support,правая опора,0.0005097489486427934,-0.04846752315954954,-0.5525775736103472
allowable_wear_g6_3_offdesign,"G6,3 + допустимый износ",right_support,правая опора,0.0005607238435070727,0.002111355466690221,-0.504695258385895
allowable_wear_g6_3_offdesign,"G6,3 + допустимый износ",right_support,правая опора,0.000611698738371352,0.05268971053308835,-0.45668779219858296
allowable_wear_g6_3_offdesign,"G6,3 + допустимый износ",right_support,правая опора,0.0006626736332356314,0.10325499995661294,-0.40856707961957167
allowable_wear_g6_3_offdesign,"G6,3 + допустимый износ",right_support,правая опора,0.0007136485280999108,0.15379468489416318,-0.36034505330210626
allowable_wear_g6_3_offdesign,"G6,3 + допустимый износ",right_support,правая опора,0.0007646234229641901,0.20429623285186804,-0.3120336710225366
allowable_wear_g6_3_offdesign,"G6,3 + допустимый износ",right_support,правая опора,0.0008155983178284694,0.25474712079280964,-0.2636449127151081
allowable_wear_g6_3_offdesign,"G6,3 + допустимый износ",right_support,правая опора,0.0008665732126927488,0.3051348382424039,-0.21519077750125717
allowable_wear_g6_3_offdesign,"G6,3 + допустимый износ",right_support,правая опора,0.0009175481075570281,0.3554468903906632,-0.16668328071414937
allowable_wear_g6_3_offdesign,"G6,3 + допустимый износ",right_support,правая опора,0.0009685230024213075,0.405670801190577,-0.11813445091919653
allowable_wear_g6_3_offdesign,"G6,3 + допустимый износ",right_support,правая опора,0.0010194978972855868,0.45579411645183715,-0.06955632693129545
allowable_wear_g6_3_offdesign,"G6,3 + допустимый износ",right_support,правая опора,0.0010704727921498661,0.5058044069291474,-0.02096095482951997
allowable_wear_g6_3_offdesign,"G6,3 + допустимый износ",right_support,правая опора,0.0011214476870141455,0.5556892714043422,0.027639615029982943
allowable_wear_g6_3_offdesign,"G6,3 + допустимый износ",right_support,правая опора,0.0011724225818784248,0.60543633976156,0.07623333100216186
allowable_wear_g6_3_offdesign,"G6,3 + допустимый износ",right_support,правая опора,0.001223397476742704,0.6550332760547007,0.12480814314154591
allowable_wear_g6_3_offdesign,"G6,3 + допустимый износ",right_support,правая опора,0.0012743723716069834,0.7044677815664117,0.17335200619031063
allowable_wear_g6_3_offdesign,"G6,3 + допустимый износ",right_support,правая опора,0.0013253472664712627,0.7537275978578422,0.22185288256518043
allowable_wear_g6_3_offdesign,"G6,3 + допустимый износ",right_support,правая опора,0.0013763221613355423,0.8028005098084091,0.2702987453424293
allowable_wear_g6_3_offdesign,"G6,3 + допустимый износ",right_support,правая опора,0.0014272970561998216,0.8516743486448192,0.3186775812402347
allowable_wear_g6_3_offdesign,"G6,3 + допустимый износ",right_support,правая опора,0.001478271951064101,0.9003369949586038,0.36697739359765374
allowable_wear_g6_3_offdesign,"G6,3 + допустимый износ",right_support,правая опора,0.0015292468459283802,0.9487763817114057,0.4151862053494728
allowable_wear_g6_3_offdesign,"G6,3 + допустимый износ",right_support,правая опора,0.0015802217407926596,0.996980497227284,0.4632920619962019
allowable_wear_g6_3_offdesign,"G6,3 + допустимый износ",right_support,правая опора,0.0016311966356569389,1.0449373881712904,0.5112830345684707
allowable_wear_g6_3_offdesign,"G6,3 + допустимый износ",right_support,правая опора,0.0016821715305212182,1.0926351625135757,0.5591472225850955
allowable_wear_g6_3_offdesign,"G6,3 + допустимый износ",right_support,правая опора,0.0017331464253854975,1.1400619924782966,0.6068727570040806
allowable_wear_g6_3_offdesign,"G6,3 + допустимый износ",right_support,правая опора,0.0017841213202497768,1.1872061174765898,0.654447803165825
allowable_wear_g6_3_offdesign,"G6,3 + допустимый износ",right_support,правая опора,0.0018350962151140562,1.234055847022882,0.7018605637278
allowable_wear_g6_3_offdesign,"G6,3 + допустимый износ",right_support,правая опора,0.0018860711099783355,1.2805995636338208,0.7490992815899792
allowable_wear_g6_3_offdesign,"G6,3 + допустимый износ",right_support,правая опора,0.001937046004842615,1.3268257257091003,0.7961522428102827
allowable_wear_g6_3_offdesign,"G6,3 + допустимый износ",right_support,правая опора,0.001988020899706894,1.3727228703934675,0.8430077795093222
allowable_wear_g6_3_offdesign,"G6,3 + допустимый износ",right_support,правая опора,0.0020389957945711737,1.4182796164192097,0.8896542727637278
allowable_wear_g6_3_offdesign,"G6,3 + допустимый износ",right_support,правая опора,0.0020899706894354528,1.4634846669284003,0.9360801554873256
allowable_wear_g6_3_offdesign,"G6,3 + допустимый износ",right_support,правая опора,0.0021409455842997323,1.5083268122742206,0.9822739152994701
allowable_wear_g6_3_offdesign,"G6,3 + допустимый износ",right_support,правая опора,0.002191920479164012,1.5527949328006543,1.0282240973798071
allowable_wear_g6_3_offdesign,"G6,3 + допустимый износ",right_support,правая опора,0.002242895374028291,1.5968780015998634,1.0739193073087625
allowable_wear_g6_3_offdesign,"G6,3 + допустимый износ",right_support,правая опора,0.0022938702688925705,1.6405650872465678,1.119348213893056
allowable_wear_g6_3_offdesign,"G6,3 + допустимый износ",right_support,правая опора,0.0023448451637568496,1.683845356508748,1.1644995519755323
allowable_wear_g6_3_offdesign,"G6,3 + допустимый износ",right_support,правая опора,0.002395820058621129,1.7267080770339978,1.2093621252286242
allowable_wear_g6_3_offdesign,"G6,3 + допустимый износ",right_support,правая опора,0.002446794953485408,1.7691426200108602,1.2539248089307373
allowable_wear_g6_3_offdesign,"G6,3 + допустимый износ",right_support,правая опора,0.0024977698483496878,1.81113846280449,1.2981765527248879
allowable_wear_g6_3_offdesign,"G6,3 + допустимый износ",right_support,правая опора,0.002548744743213967,1.8526851915659863,1.3421063833588973
allowable_wear_g6_3_offdesign,"G6,3 + допустимый износ",right_support,правая опора,0.0025997196380782464,1.8937725038147504,1.3857034074064636
allowable_wear_g6_3_offdesign,"G6,3 + допустимый износ",right_support,правая опора,0.0026506945329425255,1.9343902109932236,1.428956813968441
allowable_wear_g6_3_offdesign,"G6,3 + допустимый износ",right_support,правая опора,0.002701669427806805,1.9745282409933802,1.4718558773536572
allowable_wear_g6_3_offdesign,"G6,3 + допустимый износ",right_support,правая опора,0.0027526443226710846,2.014176640654342,1.5143899597385948
allowable_wear_g6_3_offdesign,"G6,3 + допустимый износ",right_support,правая опора,0.0028036192175353637,2.053325578230492,1.5565485138052901
allowable_wear_g6_3_offdesign,"G6,3 + допустимый износ",right_support,правая опора,0.002854594112399643,2.0919653458294927,1.5983210853567869
allowable_wear_g6_3_offdesign,"G6,3 + допустимый износ",right_support,правая опора,0.0029055690072639223,2.130086361819578,1.6396973159094979
allowable_wear_g6_3_offdesign,"G6,3 + допустимый износ",right_support,правая опора,0.002956543902128202,2.1676791732055447,1.6806669452618308
allowable_wear_g6_3_offdesign,"G6,3 + допустимый износ",right_support,правая опора,0.003007518796992481,2.2047344579728443,1.7212198140384478
allowable_wear_g6_3_offdesign,"G6,3 + допустимый износ",right_support,правая опора,0.0030584936918567605,2.2412430273991917,1.761345866209518
allowable_wear_g6_3_offdesign,"G6,3 + допустимый износ",right_support,правая опора,0.0031094685867210396,2.2771958283331255,1.801035151584343
allowable_wear_g6_3_offdesign,"G6,3 + допустимый износ",right_support,правая опора,0.003160443481585319,2.312583945438946,1.8402778282787422
allowable_wear_g6_3_offdesign,"G6,3 + допустимый износ",right_support,правая опора,0.0032114183764495982,2.3473986034074814,1.879064165155575
allowable_wear_g6_3_offdesign,"G6,3 + допустимый износ",right_support,правая опора,0.0032623932713138778,2.3816311691321324,1.9173845442378044
allowable_wear_g6_3_offdesign,"G6,3 + допустимый износ",right_support,правая опора,0.0033133681661781573,2.4152731538496486,1.9552294630934983
allowable_wear_g6_3_offdesign,"G6,3 + допустимый износ",right_support,правая опора,0.0033643430610424364,2.4483162152451188,1.992589537192178
allowable_wear_g6_3_offdesign,"G6,3 + допустимый износ",right_support,правая опора,0.003415317955906716,2.48075215952064,2.029455502231936
allowable_wear_g6_3_offdesign,"G6,3 + допустимый износ",right_support,правая опора,0.003466292850770995,2.512572943427163,2.065818216436729
allowable_wear_g6_3_offdesign,"G6,3 + допустимый износ",right_support,правая опора,0.0035172677456352746,2.543770676259003,2.101668662823301
allowable_wear_g6_3_offdesign,"G6,3 + допустимый износ",right_support,правая опора,0.0035682426404995537,2.5743376218105207,2.136997951437149
allowable_wear_g6_3_offdesign,"G6,3 + допустимый износ",right_support,правая опора,0.0036192175353638332,2.6042662002945027,2.1717973215569994
allowable_wear_g6_3_offdesign,"G6,3 + допустимый износ",right_support,правая опора,0.0036701924302281123,2.633548990221738,2.206058143867231
allowable_wear_g6_3_offdesign,"G6,3 + допустимый износ",right_support,правая опора,0.003721167325092392,2.662178730241355,2.239771922597714
allowable_wear_g6_3_offdesign,"G6,3 + допустимый износ",right_support,правая опора,0.003772142219956671,2.6901483209414394,2.2729302976305363
allowable_wear_g6_3_offdesign,"G6,3 + допустимый износ",right_support,правая опора,0.0038231171148209505,2.717450826609504,2.3055250465730905
allowable_wear_g6_3_offdesign,"G6,3 + допустимый износ",right_support,правая опора,0.00387409200968523,2.7440794769523524,2.3375480867970033
allowable_wear_g6_3_offdesign,"G6,3 + допустимый износ",right_support,правая опора,0.00392506690454951,2.7700276687749406,2.3689914774424174
allowable_wear_g6_3_offdesign,"G6,3 + допустимый износ",right_support,правая опора,0.003976041799413788,2.7952889676177834,2.39984742138711
allowable_wear_g6_3_offdesign,"G6,3 + допустимый износ",right_support,правая опора,0.004027016694278068,2.8198571093525397,2.4301082671799734
allowable_wear_g6_3_offdesign,"G6,3 + допустимый износ",right_support,правая опора,0.004077991589142347,2.8437260017353383,2.459766510938366
allowable_wear_g6_3_offdesign,"G6,3 + допустимый износ",right_support,правая опора,0.004128966484006627,2.8668897259174995,2.488814798208881
allowable_wear_g6_3_offdesign,"G6,3 + допустимый износ",right_support,правая опора,0.0041799413788709055,2.8893425379132474,2.5172459257910473
allowable_wear_g6_3_offdesign,"G6,3 + допустимый износ",right_support,правая опора,0.004230916273735185,2.911078870024069,2.545052843523543
allowable_wear_g6_3_offdesign,"G6,3 + допустимый износ",right_support,правая опора,0.004281891168599465,2.932093332219352,2.5722286560324337
allowable_wear_g6_3_offdesign,"G6,3 + допустимый износ",right_support,правая опора,0.004332866063463744,2.952380713472968,2.5987666244410503
allowable_wear_g6_3_offdesign,"G6,3 + допустимый износ",right_support,правая опора,0.004383840958328024,2.971935983055472,2.624660168041048
allowable_wear_g6_3_offdesign,"G6,3 + допустимый износ",right_support,правая опора,0.004434815853192302,2.9907542917815837,2.6499028659242447
allowable_wear_g6_3_offdesign,"G6,3 + допустимый износ",right_support,правая опора,0.004485790748056582,3.0088309732126612,2.6744884585748387
allowable_wear_g6_3_offdesign,"G6,3 + допустимый износ",right_support,правая опора,0.004536765642920861,3.0261615448138515,2.6984108494215997
allowable_wear_g6_3_offdesign,"G6,3 + допустимый износ",right_support,правая опора,0.004587740537785141,3.0427417090656363,2.7216641063496545
allowable_wear_g6_3_offdesign,"G6,3 + допустимый износ",right_support,правая опора,0.00463871543264942,3.0585673545295076,2.7442424631714943
allowable_wear_g6_3_offdesign,"G6,3 + допустимый износ",right_support,правая опора,0.004689690327513699,3.0736345568674923,2.7661403210568385
allowable_wear_g6_3_offdesign,"G6,3 + допустимый износ",right_support,правая опора,0.004740665222377979,3.087939579815282,2.78735224992099
allowable_wear_g6_3_offdesign,"G6,3 + допустимый износ",right_support,правая опора,0.004791640117242258,3.1014788761087293,2.8078729897713544
allowable_wear_g6_3_offdesign,"G6,3 + допустимый износ",right_support,правая опора,0.004842615012106537,3.114249088363472,2.827697452011777
allowable_wear_g6_3_offdesign,"G6,3 + допустимый износ",right_support,правая опора,0.004893589906970816,3.1262470499074793,2.8468207207043803
allowable_wear_g6_3_offdesign,"G6,3 + допустимый износ",right_support,правая опора,0.004944564801835096,3.1374697855662967,2.865238053788584
allowable_wear_g6_3_offdesign,"G6,3 + допустимый износ",right_support,правая опора,0.0049955396966993755,3.1479145124008134,2.88294488425701
allowable_wear_g6_3_offdesign,"G6,3 + допустимый износ",right_support,правая опора,0.005046514591563655,3.1575786403973565,2.899936821287977
allowable_wear_g6_3_offdesign,"G6,3 + допустимый износ",right_support,правая опора,0.005097489486427934,3.1664597731099433,2.916209651334312
allowable_wear_g6_3_offdesign,"G6,3 + допустимый износ",right_support,правая опора,0.005148464381292213,3.1745557082545397,2.931759339168191
allowable_wear_g6_3_offdesign,"G6,3 + допустимый износ",right_support,правая опора,0.005199439276156493,3.1818644382551637,2.9465820288817715
allowable_wear_g6_3_offdesign,"G6,3 + допустимый износ",right_support,правая опора,0.005250414171020772,3.1883841507417134,2.9606740448433553
allowable_wear_g6_3_offdesign,"G6,3 + допустимый износ",right_support,правая опора,0.005301389065885051,3.1941132289993854,2.974031892608847
allowable_wear_g6_3_offdesign,"G6,3 + допустимый износ",right_support,правая опора,0.0053523639607493305,3.1990502523695787,2.9866522597882796
allowable_wear_g6_3_offdesign,"G6,3 + допустимый износ",right_support,правая опора,0.00540333885561361,3.203193996602177,2.998532016867203
allowable_wear_g6_3_offdesign,"G6,3 + допустимый износ",right_support,правая опора,0.00545431375047789,3.206543434159132,3.009668217982718
allowable_wear_g6_3_offdesign,"G6,3 + допустимый износ",right_support,правая опора,0.005505288645342169,3.209097734469266,3.0200581016539734
allowable_wear_g6_3_offdesign,"G6,3 + допустимый износ",right_support,правая опора,0.005556263540206448,3.2108562641342315,3.0296990914669366
allowable_wear_g6_3_offdesign,"G6,3 + допустимый износ",right_support,правая опора,0.005607238435070727,3.2118185870855727,3.0385887967132788
allowable_wear_g6_3_offdesign,"G6,3 + допустимый износ",right_support,правая опора,0.005658213329935007,3.211984464692868,3.046725012983205
allowable_wear_g6_3_offdesign,"G6,3 + допустимый износ",right_support,правая опора,0.005709188224799286,3.2113538558228916,3.0541057227120882
allowable_wear_g6_3_offdesign,"G6,3 + допустимый износ",right_support,правая опора,0.005760163119663565,3.2099269168498257,3.0607290956807747
allowable_wear_g6_3_offdesign,"G6,3 + допустимый износ",right_support,правая опора,0.005811138014527845,3.207704001616476,3.066593489469426
allowable_wear_g6_3_offdesign,"G6,3 + допустимый износ",right_support,правая опора,0.005862112909392124,3.20468566134653,3.0716974498647986
allowable_wear_g6_3_offdesign,"G6,3 + допустимый износ",right_support,правая опора,0.005913087804256404,3.200872644507871,3.076039711220846
allowable_wear_g6_3_offdesign,"G6,3 + допустимый износ",right_support,правая опора,0.005964062699120682,3.196265896626973,3.079619196772569
allowable_wear_g6_3_offdesign,"G6,3 + допустимый износ",right_support,правая опора,0.006015037593984962,3.1908665600544404,3.0824350189030234
allowable_wear_g6_3_offdesign,"G6,3 + допустимый износ",right_support,правая опора,0.0060660124888492414,3.184675973681731,3.0844864793634232
allowable_wear_g6_3_offdesign,"G6,3 + допустимый износ",right_support,правая опора,0.006116987383713521,3.1776956726091523,3.085773069446292
allowable_wear_g6_3_offdesign,"G6,3 + допустимый износ",right_support,правая опора,0.0061679622785778005,3.1699273877651892,3.086294470111604
allowable_wear_g6_3_offdesign,"G6,3 + допустимый износ",right_support,правая опора,0.006218937173442079,3.161373045477289,3.086050552065901
allowable_wear_g6_3_offdesign,"G6,3 + допустимый износ",right_support,правая опора,0.006269912068306359,3.1520347669941775,3.085041375794354
allowable_wear_g6_3_offdesign,"G6,3 + допустимый износ",right_support,правая опора,0.006320886963170638,3.1419148679598483,3.08326719154576
allowable_wear_g6_3_offdesign,"G6,3 + допустимый износ",right_support,правая опора,0.006371861858034918,3.1310158578393437,3.0807284392704917
allowable_wear_g6_3_offdesign,"G6,3 + допустимый износ",right_support,правая опора,0.0064228367528991965,3.1193404392964768,3.077425748511402
allowable_wear_g6_3_offdesign,"G6,3 + допустимый износ",right_support,правая опора,0.006473811647763476,3.1068915075236374,3.073359938247707
allowable_wear_g6_3_offdesign,"G6,3 + допустимый износ",right_support,правая опора,0.0065247865426277555,3.09367214952387,3.0685320166919103
allowable_wear_g6_3_offdesign,"G6,3 + допустимый износ",right_support,правая опора,0.006575761437492035,3.0796856433453708,3.062943181039788
allowable_wear_g6_3_offdesign,"G6,3 + допустимый износ",right_support,правая опора,0.006626736332356315,3.0649354572686245,3.0565948171735156
allowable_wear_g6_3_offdesign,"G6,3 + допустимый износ",right_support,правая опора,0.006677711227220593,3.049425248946362,3.0494884993180085
allowable_wear_g6_3_offdesign,"G6,3 + допустимый износ",right_support,правая опора,0.006728686122084873,3.033158864496559,3.041625989650556
allowable_wear_g6_3_offdesign,"G6,3 + допустимый износ",right_support,правая опора,0.006779661016949152,3.016140337548702,3.0330092378638467
allowable_wear_g6_3_offdesign,"G6,3 + допустимый износ",right_support,правая опора,0.006830635911813432,2.998373888243556,3.023640380682498
allowable_wear_g6_3_offdesign,"G6,3 + допустимый износ",right_support,правая опора,0.0068816108066777106,2.9798639221866843,3.0135217413332045
allowable_wear_g6_3_offdesign,"G6,3 + допустимый износ",right_support,правая опора,0.00693258570154199,2.9606150293559703,3.0026558289686407
allowable_wear_g6_3_offdesign,"G6,3 + допустимый износ",right_support,правая опора,0.00698356059640627,2.9406319829634295,2.9910453380452586
allowable_wear_g6_3_offdesign,"G6,3 + допустимый износ",right_support,правая опора,0.007034535491270549,2.9199197382715805,2.978693147655131
allowable_wear_g6_3_offdesign,"G6,3 + допустимый износ",right_support,правая опора,0.007085510386134829,2.8984834313646703,2.9656023208120192
allowable_wear_g6_3_offdesign,"G6,3 + допустимый износ",right_support,правая опора,0.007136485280999107,2.876328377875064,2.95177610369182
allowable_wear_g6_3_offdesign,"G6,3 + допустимый износ",right_support,правая опора,0.007187460175863387,2.853460071665106,2.937217924827608
allowable_wear_g6_3_offdesign,"G6,3 + допустимый износ",right_support,правая опора,0.0072384350707276664,2.8298841834647956,2.921931394259446
allowable_wear_g6_3_offdesign,"G6,3 + допустимый износ",right_support,правая опора,0.007289409965591946,2.8056065594655895,2.905920302639193
allowable_wear_g6_3_offdesign,"G6,3 + допустимый износ",right_support,правая опора,0.007340384860456225,2.7806332198707078,2.8891886202905224
allowable_wear_g6_3_offdesign,"G6,3 + допустимый износ",right_support,правая опора,0.007391359755320504,2.7549703574022812,2.87174049622439
allowable_wear_g6_3_offdesign,"G6,3 + допустимый износ",right_support,правая опора,0.007442334650184784,2.728624335765724,2.8535802571101896
allowable_wear_g6_3_offdesign,"G6,3 + допустимый износ",right_support,правая опора,0.007493309545049063,2.7016016880717,2.834712406202851
allowable_wear_g6_3_offdesign,"G6,3 + допустимый износ",right_support,правая опора,0.007544284439913342,2.6739091152160914,2.815141622226156
allowable_wear_g6_3_offdesign,"G6,3 + допустимый износ",right_support,правая опора,0.0075952593347776215,2.6455534842183486,2.7948727582125388
allowable_wear_g6_3_offdesign,"G6,3 + допустимый износ",right_support,правая опора,0.007646234229641901,2.6165418265186604,2.773910840299666
allowable_wear_g6_3_offdesign,"G6,3 + допустимый износ",right_support,правая опора,0.0076972091245061805,2.5868813362343372,2.7522610664840834
allowable_wear_g6_3_offdesign,"G6,3 + допустимый износ",right_support,правая опора,0.00774818401937046,2.556579368375865,2.729928805332254
allowable_wear_g6_3_offdesign,"G6,3 + допустимый износ",right_support,правая опора,0.007799158914234739,2.525643437023061,2.7069195946492997
allowable_wear_g6_3_offdesign,"G6,3 + допустимый износ",right_support,правая опора,0.00785013380909902,2.4940812134617767,2.6832391401057665
allowable_wear_g6_3_offdesign,"G6,3 + допустимый износ",right_support,правая опора,0.007901108703963298,2.4619005242816296,2.6588933138227793
allowable_wear_g6_3_offdesign,"G6,3 + допустимый износ",right_support,правая опора,0.007952083598827576,2.429109349435214,2.6338881529159037
allowable_wear_g6_3_offdesign,"G6,3 + допустимый износ",right_support,правая опора,0.008003058493691857,2.3957158202592845,2.608229857998107
allowable_wear_g6_3_offdesign,"G6,3 + допустимый износ",right_support,правая опора,0.008054033388556136,2.361728217458406,2.5819247916421717
allowable_wear_g6_3_offdesign,"G6,3 + допустимый износ",right_support,правая опора,0.008105008283420414,2.327154969051558,2.5549794768029463
allowable_wear_g6_3_offdesign,"G6,3 + допустимый износ",right_support,правая опора,0.008155983178284695,2.2920046482822065,2.5274005951998255
allowable_wear_g6_3_offdesign,"G6,3 + допустимый износ",right_support,правая опора,0.008206958073148973,2.2562859714923755,2.499194985659864
allowable_wear_g6_3_offdesign,"G6,3 + допустимый износ",right_support,правая опора,0.008257932968013254,2.2200077959612194,2.470369642421929
allowable_wear_g6_3_offdesign,"G6,3 + допустимый износ",right_support,правая опора,0.008308907862877532,2.183179117708662,2.440931713402314
allowable_wear_g6_3_offdesign,"G6,3 + допустимый износ",right_support,правая опора,0.008359882757741811,2.145809069264614,2.4108884984222483
allowable_wear_g6_3_offdesign,"G6,3 + допустимый износ",right_support,правая опора,0.008410857652606091,2.1079069174043563,2.380247447397734
allowable_wear_g6_3_offdesign,"G6,3 + допустимый износ",right_support,правая опора,0.00846183254747037,2.069482060850628,2.3490161584921703
allowable_wear_g6_3_offdesign,"G6,3 + допустимый износ",right_support,правая опора,0.00851280744233465,2.030544027942983,2.3172023762322027
allowable_wear_g6_3_offdesign,"G6,3 + допустимый износ",right_support,правая опора,0.00856378233719893,1.9911024742750314,2.284813989587297
allowable_wear_g6_3_offdesign,"G6,3 + допустимый износ",right_support,правая опора,0.008614757232063208,1.9511671803000978,2.251859030013479
allowable_wear_g6_3_offdesign,"G6,3 + допустимый износ",right_support,правая опора,0.008665732126927488,1.9107480489059339,2.2183456694617463
allowable_wear_g6_3_offdesign,"G6,3 + допустимый износ",right_support,правая опора,0.008716707021791767,1.8698551029590689,2.1842822183516524
allowable_wear_g6_3_offdesign,"G6,3 + допустимый износ",right_support,правая опора,0.008767681916656047,1.8284984828194002,2.1496771235105294
allowable_wear_g6_3_offdesign,"G6,3 + допустимый износ",right_support,правая опора,0.008818656811520326,1.7866884438256616,2.1145389660789142
allowable_wear_g6_3_offdesign,"G6,3 + допустимый износ",right_support,правая опора,0.008869631706384605,1.7444353537523674,2.078876459382646
allowable_wear_g6_3_offdesign,"G6,3 + допустимый износ",right_support,правая опора,0.008920606601248885,1.7017496902388785,2.0426984467721927
allowable_wear_g6_3_offdesign,"G6,3 + допустимый износ",right_support,правая опора,0.008971581496113164,1.6586420381912395,2.006013899429745
allowable_wear_g6_3_offdesign,"G6,3 + допустимый износ",right_support,правая опора,0.009022556390977442,1.6151230871573898,1.9688319141445945
allowable_wear_g6_3_offdesign,"G6,3 + допустимый износ",right_support,правая опора,0.009073531285841723,1.5712036286764488,1.9311617110573738
allowable_wear_g6_3_offdesign,"G6,3 + допустимый износ",right_support,правая опора,0.009124506180706001,1.5268945536027037,1.8930126313737106
allowable_wear_g6_3_offdesign,"G6,3 + допустимый износ",right_support,правая опора,0.009175481075570282,1.482206849404959,1.854394135047854
allowable_wear_g6_3_offdesign,"G6,3 + допустимый износ",right_support,правая опора,0.00922645597043456,1.437151597441949,1.8153157984368633
allowable_wear_g6_3_offdesign,"G6,3 + допустимый износ",right_support,правая опора,0.00927743086529884,1.3917399702144473,1.7757873119259204
allowable_wear_g6_3_offdesign,"G6,3 + допустимый износ",right_support,правая опора,0.00932840576016312,1.3459832285947861,1.7358184775253758
allowable_wear_g6_3_offdesign,"G6,3 + допустимый износ",right_support,правая опора,0.009379380655027398,1.2998927190344691,1.6954192064401163
allowable_wear_g6_3_offdesign,"G6,3 + допустимый износ",right_support,правая опора,0.009430355549891679,1.253479870750537,1.6545995166118388
allowable_wear_g6_3_offdesign,"G6,3 + допустимый износ",right_support,правая опора,0.009481330444755957,1.2067561928914454,1.6133695302348814
allowable_wear_g6_3_offdesign,"G6,3 + допустимый износ",right_support,правая опора,0.009532305339620236,1.1597332716830895,1.5717394712461803
allowable_wear_g6_3_offdesign,"G6,3 + допустимый износ",right_support,правая опора,0.009583280234484516,1.112422767555733,1.5297196627900065
allowable_wear_g6_3_offdesign,"G6,3 + допустимый износ",right_support,правая опора,0.009634255129348795,1.064836412252538,1.4873205246581092
allowable_wear_g6_3_offdesign,"G6,3 + допустимый износ",right_support,правая опора,0.009685230024213074,1.016986005920396,1.4445525707058742
allowable_wear_g6_3_offdesign,"G6,3 + допустимый износ",right_support,правая опора,0.009736204919077354,0.968883414183811,1.401426406245175
allowable_wear_g6_3_offdesign,"G6,3 + допустимый износ",right_support,правая опора,0.009787179813941633,0.920540565202545,1.3579527254145398
allowable_wear_g6_3_offdesign,"G6,3 + допустимый износ",right_support,правая опора,0.009838154708805913,0.871969446713744,1.3141423085272839
allowable_wear_g6_3_offdesign,"G6,3 + допустимый износ",right_support,правая опора,0.009889129603670192,0.8231821030593091,1.2700060193982885
allowable_wear_g6_3_offdesign,"G6,3 + допустимый износ",right_support,правая опора,0.00994010449853447,0.7741906321992075,1.2255548026500511
allowable_wear_g6_3_offdesign,"G6,3 + допустимый износ",right_support,правая опора,0.009991079393398751,0.7250071827115135,1.1807996809987245
allowable_wear_g6_3_offdesign,"G6,3 + допустимый износ",right_support,правая опора,0.01004205428826303,0.6756439507798829,1.135751752520772
allowable_wear_g6_3_offdesign,"G6,3 + допустимый износ",right_support,правая опора,0.01009302918312731,0.6261131771692169,1.0904221879009375
allowable_wear_g6_3_offdesign,"G6,3 + допустимый износ",right_support,правая опора,0.010144004077991589,0.5764271441902903,1.0448222276622194
allowable_wear_g6_3_offdesign,"G6,3 + допустимый износ",right_support,правая опора,0.010194978972855867,0.5265981726540555,0.998963179378515
allowable_wear_g6_3_offdesign,"G6,3 + допустимый износ",right_support,правая опора,0.010245953867720148,0.4766386188164153,0.9528564148706457
allowable_wear_g6_3_offdesign,"G6,3 + допустимый износ",right_support,правая опора,0.010296928762584426,0.4265608713142039,0.9065133673864533
allowable_wear_g6_3_offdesign,"G6,3 + допустимый износ",right_support,правая опора,0.010347903657448707,0.3763773480931266,0.8599455287656511
allowable_wear_g6_3_offdesign,"G6,3 + допустимый износ",right_support,правая опора,0.010398878552312986,0.32610049332845287,0.8131644465901645
allowable_wear_g6_3_offdesign,"G6,3 + допустимый износ",right_support,правая опора,0.010449853447177264,0.27574277433917677,0.7661817213206249
allowable_wear_g6_3_offdesign,"G6,3 + допустимый износ",right_support,правая опора,0.010500828342041545,0.225316678496468,0.7190090034197774
allowable_wear_g6_3_offdesign,"G6,3 + допустимый износ",right_support,правая опора,0.010551803236905823,0.17483471012713467,0.6716579904634741
allowable_wear_g6_3_offdesign,"G6,3 + допустимый износ",right_support,правая опора,0.010602778131770102,0.12430938741287703,0.6241404242399821
allowable_wear_g6_3_offdesign,"G6,3 + допустимый износ",right_support,правая опора,0.010653753026634382,0.07375323928611657,0.5764680878383356
allowable_wear_g6_3_offdesign,"G6,3 + допустимый износ",right_support,правая опора,0.010704727921498661,0.023178802323159328,0.52865280272645
allowable_wear_g6_3_offdesign,"G6,3 + допустимый износ",right_support,правая опора,0.010755702816362941,-0.02740138236455111,0.48070642581970174
allowable_wear_g6_3_offdesign,"G6,3 + допустимый износ",right_support,правая опора,0.01080667771122722,-0.07797477224028133,0.4326408465407435
allowable_wear_g6_3_offdesign,"G6,3 + допустимый износ",right_support,правая опора,0.010857652606091499,-0.12852882645223865,0.3844679838712281
allowable_wear_g6_3_offdesign,"G6,3 + допустимый износ",right_support,правая опора,0.01090862750095578,-0.17905100894335493,0.33619978339623247
allowable_wear_g6_3_offdesign,"G6,3 + допустимый износ",right_support,правая опора,0.010959602395820058,-0.22952879155989622,0.28784821434206836
allowable_wear_g6_3_offdesign,"G6,3 + допустимый износ",right_support,правая опора,0.011010577290684338,-0.27994965715811854,0.23942526660822688
allowable_wear_g6_3_offdesign,"G6,3 + допустимый износ",right_support,правая опора,0.011061552185548617,-0.330301102708175,0.19094294779421297
allowable_wear_g6_3_offdesign,"G6,3 + допустимый износ",right_support,правая опора,0.011112527080412896,-0.38057064239454297,0.14241328022197186
allowable_wear_g6_3_offdesign,"G6,3 + допустимый износ",right_support,правая опора,0.011163501975277176,-0.4307458107121695,0.09384829795467813
allowable_wear_g6_3_offdesign,"G6,3 + допустимый износ",right_support,правая опора,0.011214476870141455,-0.48081416555758033,0.04526004381261245
allowable_wear_g6_3_offdesign,"G6,3 + допустимый износ",right_support,правая опора,0.011265451765005733,-0.5307632913141952,-0.003339433613142516
allowable_wear_g6_3_offdesign,"G6,3 + допустимый износ",right_support,правая опора,0.011316426659870014,-0.5805808019310732,-0.05193808294843335
allowable_wear_g6_3_offdesign,"G6,3 + допустимый износ",right_support,правая опора,0.011367401554734292,-0.6302543439943082,-0.10052385302444301
allowable_wear_g6_3_offdesign,"G6,3 + допустимый износ",right_support,правая опора,0.011418376449598573,-0.679771599790363,-0.14908469586607404
allowable_wear_g6_3_offdesign,"G6,3 + допустимый износ",right_support,правая опора,0.011469351344462851,-0.7291202903605205,-0.19760856967951215
allowable_wear_g6_3_offdesign,"G6,3 + допустимый износ",right_support,правая опора,0.01152032623932713,-0.7782881785457477,-0.24608344183828074
allowable_wear_g6_3_offdesign,"G6,3 + допустимый износ",right_support,правая опора,0.01157130113419141,-0.8272630720211808,-0.2944972918670067
allowable_wear_g6_3_offdesign,"G6,3 + допустимый износ",right_support,правая опора,0.01162227602905569,-0.8760328263194925,-0.34283811442217316
allowable_wear_g6_3_offdesign,"G6,3 + допустимый износ",right_support,правая опора,0.01167325092391997,-0.9245853478424049,-0.39109392226913425
allowable_wear_g6_3_offdesign,"G6,3 + допустимый износ",right_support,правая опора,0.011724225818784248,-0.9729085968595695,-0.43925274925461905
allowable_wear_g6_3_offdesign,"G6,3 + допустимый износ",right_support,правая опора,0.011775200713648527,-1.0209905904941072,-0.48730265327402644
allowable_wear_g6_3_offdesign,"G6,3 + допустимый износ",right_support,правая опора,0.011826175608512807,-1.0688194056940414,-0.5352317192327493
allowable_wear_g6_3_offdesign,"G6,3 + допустимый износ",right_support,правая опора,0.011877150503377086,-1.1163831821888883,-0.583028062000789
allowable_wear_g6_3_offdesign,"G6,3 + допустимый износ",right_support,правая опора,0.011928125398241365,-1.163670125430698,-0.6306798293599628
allowable_wear_g6_3_offdesign,"G6,3 + допустимый износ",right_support,правая опора,0.011979100293105645,-1.2106685095187846,-0.6781752049429344
allowable_wear_g6_3_offdesign,"G6,3 + допустимый износ",right_support,правая опора,0.012030075187969924,-1.257366680107431,-0.725502411163352
allowable_wear_g6_3_offdesign,"G6,3 + допустимый износ",right_support,правая опора,0.012081050082834204,-1.3037530572958664,-0.7726497121363856
allowable_wear_g6_3_offdesign,"G6,3 + допустимый износ",right_support,правая опора,0.012132024977698483,-1.3498161384997616,-0.8196054165889024
allowable_wear_g6_3_offdesign,"G6,3 + допустимый износ",right_support,правая опора,0.012182999872562762,-1.3955445013035732,-0.8663578807586021
allowable_wear_g6_3_offdesign,"G6,3 + допустимый износ",right_support,правая опора,0.012233974767427042,-1.4409268062929925,-0.9128955112813515
allowable_wear_g6_3_offdesign,"G6,3 + допустимый износ",right_support,правая опора,0.01228494966229132,-1.4859517998668146,-0.959206768066028
allowable_wear_g6_3_offdesign,"G6,3 + допустимый износ",right_support,правая опора,0.012335924557155601,-1.5306083170275435,-1.0052801671561673
allowable_wear_g6_3_offdesign,"G6,3 + допустимый износ",right_support,правая опора,0.01238689945201988,-1.574885284149997,-1.051104283577659
allowable_wear_g6_3_offdesign,"G6,3 + допустимый износ",right_support,правая опора,0.012437874346884158,-1.6187717217272843,-1.0966677541718524
allowable_wear_g6_3_offdesign,"G6,3 + допустимый износ",right_support,правая опора,0.012488849241748439,-1.662256747093426,-1.1419592804133085
allowable_wear_g6_3_offdesign,"G6,3 + допустимый износ",right_support,правая опора,0.012539824136612717,-1.7053295771219599,-1.1869676312115318
allowable_wear_g6_3_offdesign,"G6,3 + допустимый износ",right_support,правая опора,0.012590799031476998,-1.7479795308998782,-1.2316816456959885
allowable_wear_g6_3_offdesign,"G6,3 + допустимый износ",right_support,правая опора,0.012641773926341277,-1.7901960323762012,-1.2760902359836954
allowable_wear_g6_3_offdesign,"G6,3 + допустимый износ",right_support,правая опора,0.012692748821205555,-1.8319686129845616,-1.3201823899287268
allowable_wear_g6_3_offdesign,"G6,3 + допустимый износ",right_support,правая опора,0.012743723716069836,-1.8732869142391262,-1.3639471738529307
allowable_wear_g6_3_offdesign,"G6,3 + допустимый износ",right_support,правая опора,0.012794698610934114,-1.9141406903032216,-1.4073737352571833
allowable_wear_g6_3_offdesign,"G6,3 + допустимый износ",right_support,правая опора,0.012845673505798393,-1.9545198105300379,-1.4504513055125319
allowable_wear_g6_3_offdesign,"G6,3 + допустимый износ",right_support,правая опора,0.012896648400662673,-1.9944142619747502,-1.4931692025305179
allowable_wear_g6_3_offdesign,"G6,3 + допустимый износ",right_support,правая опора,0.012947623295526952,-2.0338141518774613,-1.535516833412049
allowable_wear_g6_3_offdesign,"G6,3 + допустимый износ",right_support,правая опора,0.012998598190391232,-2.0727097101163516,-1.5774836970741637
allowable_wear_g6_3_offdesign,"G6,3 + допустимый износ",right_support,правая опора,0.013049573085255511,-2.111091291630396,-1.6190593868540106
allowable_wear_g6_3_offdesign,"G6,3 + допустимый износ",right_support,правая опора,0.01310054798011979,-2.148949378811093,-1.660233593089431
allowable_wear_g6_3_offdesign,"G6,3 + допустимый износ",right_support,правая опора,0.01315152287498407,-2.1862745838625717,-1.7009961056754765
allowable_wear_g6_3_offdesign,"G6,3 + допустимый износ",right_support,правая опора,0.013202497769848349,-2.223057651129517,-1.7413368165962428
allowable_wear_g6_3_offdesign,"G6,3 + допустимый износ",right_support,правая опора,0.01325347266471263,-2.2592894593923245,-1.7812457224313896
allowable_wear_g6_3_offdesign,"G6,3 + допустимый износ",right_support,правая опора,0.013304447559576908,-2.2949610241289164,-1.820712926836715
allowable_wear_g6_3_offdesign,"G6,3 + допустимый износ",right_support,правая опора,0.013355422454441187,-2.330063499742671,-1.859728642998197
allowable_wear_g6_3_offdesign,"G6,3 + допустимый износ",right_support,правая опора,0.013406397349305467,-2.3645881817558867,-1.8982831960588542
allowable_wear_g6_3_offdesign,"G6,3 + допустимый износ",right_support,правая опора,0.013457372244169746,-2.3985265089682675,-1.936367025517853
allowable_wear_g6_3_offdesign,"G6,3 + допустимый износ",right_support,правая опора,0.013508347139034024,-2.431870065579867,-1.9739706876012588
allowable_wear_g6_3_offdesign,"G6,3 + допустимый износ",right_support,правая опора,0.013559322033898305,-2.4646105832779828,-2.011084857603839
allowable_wear_g6_3_offdesign,"G6,3 + допустимый износ",right_support,правая опора,0.013610296928762583,-2.4967399432874817,-2.047700332201342
allowable_wear_g6_3_offdesign,"G6,3 + допустимый износ",right_support,правая опора,0.013661271823626864,-2.5282501783840354,-2.083808031732675
allowable_wear_g6_3_offdesign,"G6,3 + допустимый износ",right_support,правая опора,0.013712246718491142,-2.559133474869777,-2.119399002451415
allowable_wear_g6_3_offdesign,"G6,3 + допустимый износ",right_support,правая опора,0.013763221613355421,-2.5893821745108987,-2.1544644187461075
allowable_wear_g6_3_offdesign,"G6,3 + допустимый износ",right_support,правая опора,0.013814196508219702,-2.6189887764366815,-2.1889955853287746
allowable_wear_g6_3_offdesign,"G6,3 + допустимый износ",right_support,правая опора,0.01386517140308398,-2.647945938999515,-2.222983939391119
allowable_wear_g6_3_offdesign,"G6,3 + допустимый износ",right_support,правая опора,0.01391614629794826,-2.6762464815954297,-2.256421052727871
allowable_wear_g6_3_offdesign,"G6,3 + допустимый износ",right_support,правая опора,0.01396712119281254,-2.7038833864446876,-2.289298633826752
allowable_wear_g6_3_offdesign,"G6,3 + допустимый износ",right_support,правая опора,0.014018096087676818,-2.730849800332024,-2.3216085299245646
allowable_wear_g6_3_offdesign,"G6,3 + допустимый износ",right_support,правая опора,0.014069070982541098,-2.75713903630604,-2.3533427290288453
allowable_wear_g6_3_offdesign,"G6,3 + допустимый износ",right_support,правая опора,0.014120045877405377,-2.782744575337398,-2.384493361904627
allowable_wear_g6_3_offdesign,"G6,3 + допустимый износ",right_support,правая опора,0.014171020772269657,-2.807660067935369,-2.415052704025807
allowable_wear_g6_3_offdesign,"G6,3 + допустимый износ",right_support,правая опора,0.014221995667133936,-2.8318793357223364,-2.445013177490617
allowable_wear_g6_3_offdesign,"G6,3 + допустимый износ",right_support,правая опора,0.014272970561998215,-2.8553963729658625,-2.4743673529007433
allowable_wear_g6_3_offdesign,"G6,3 + допустимый износ",right_support,правая опора,0.014323945456862495,-2.8782053480679592,-2.5031079512036194
allowable_wear_g6_3_offdesign,"G6,3 + допустимый износ",right_support,правая опора,0.014374920351726774,-2.900300605011158,-2.5312278454974306
allowable_wear_g6_3_offdesign,"G6,3 + допустимый износ",right_support,правая опора,0.014425895246591052,-2.9216766647610632,-2.5587200627984075
allowable_wear_g6_3_offdesign,"G6,3 + допустимый износ",right_support,правая опора,0.014476870141455333,-2.942328226625,-2.585577785769934
allowable_wear_g6_3_offdesign,"G6,3 + допустимый износ",right_support,правая опора,0.014527845036319612,-2.9622501695664427,-2.6117943544130573
allowable_wear_g6_3_offdesign,"G6,3 + допустимый износ",right_support,правая опора,0.014578819931183892,-2.9814375534748985,-2.637363267718004
allowable_wear_g6_3_offdesign,"G6,3 + допустимый износ",right_support,правая опора,0.01462979482604817,-2.9998856203909243,-2.662278185276246
allowable_wear_g6_3_offdesign,"G6,3 + допустимый износ",right_support,правая опора,0.01468076972091245,-3.017589795685972,-2.686532928852762
allowable_wear_g6_3_offdesign,"G6,3 + допустимый износ",right_support,правая опора,0.01473174461577673,-3.034545689196774,-2.710121483918065
allowable_wear_g6_3_offdesign,"G6,3 + допустимый износ",right_support,правая опора,0.014782719510641008,-3.0507490963139845,-2.7330380011396525
allowable_wear_g6_3_offdesign,"G6,3 + допустимый износ",right_support,правая опора,0.014833694405505289,-3.0661959990248175,-2.7552767978324813
allowable_wear_g6_3_offdesign,"G6,3 + допустимый износ",right_support,правая опора,0.014884669300369567,-3.0808825669093998,-2.776832359368126
allowable_wear_g6_3_offdesign,"G6,3 + допустимый износ",right_support,правая опора,0.014935644195233846,-3.094805158090615,-2.797699340542254
allowable_wear_g6_3_offdesign,"G6,3 + допустимый износ",right_support,правая опора,0.014986619090098127,-3.107960320137194,-2.817872566900099
allowable_wear_g6_3_offdesign,"G6,3 + допустимый износ",right_support,правая опора,0.015037593984962405,-3.120344790919823,-2.837347036019582
allowable_wear_g6_3_offdesign,"G6,3 + допустимый износ",right_support,правая опора,0.015088568879826684,-3.1319554994200667,-2.856117918751786
allowable_wear_g6_3_offdesign,"G6,3 + допустимый износ",right_support,правая опора,0.015139543774690964,-3.142789566491898,-2.8741805604184503
allowable_wear_g6_3_offdesign,"G6,3 + допустимый износ",right_support,правая опора,0.015190518669555243,-3.152844305575647,-2.8915304819662047
allowable_wear_g6_3_offdesign,"G6,3 + допустимый износ",right_support,правая опора,0.015241493564419523,-3.162117223364202,-2.908163381077265
allowable_wear_g6_3_offdesign,"G6,3 + допустимый износ",right_support,правая опора,0.015292468459283802,-3.1706060204212796,-2.9240751332362827
allowable_wear_g6_3_offdesign,"G6,3 + допустимый износ",right_support,правая опора,0.01534344335414808,-3.1783085917516205,-2.9392617927531215
allowable_wear_g6_3_offdesign,"G6,3 + допустимый износ",right_support,правая опора,0.015394418249012361,-3.185223027322979,-2.9537195937412775
allowable_wear_g6_3_offdesign,"G6,3 + допустимый износ",right_support,правая опора,0.01544539314387664,-3.191347612539755,-2.967444951051726
allowable_wear_g6_3_offdesign,"G6,3 + допустимый износ",right_support,правая опора,0.01549636803874092,-3.196680828668169,-2.9804344611619347
allowable_wear_g6_3_offdesign,"G6,3 + допустимый износ",right_support,правая опора,0.015547342933605199,-3.2012213532128686,-2.9926849030198523
allowable_wear_g6_3_offdesign,"G6,3 + допустимый износ",right_support,правая опора,0.015598317828469477,-3.204968060244872,-3.0041932388426424
allowable_wear_g6_3_offdesign,"G6,3 + допустимый износ",right_support,правая опора,0.015649292723333756,-3.2079200206807665,-3.0149566148699707
allowable_wear_g6_3_offdesign,"G6,3 + допустимый износ",right_support,правая опора,0.01570026761819804,-3.2100765025130986,-3.0249723620716624
allowable_wear_g6_3_offdesign,"G6,3 + допустимый износ",right_support,правая опора,0.015751242513062317,-3.211436970991893,-3.034237996809552
allowable_wear_g6_3_offdesign,"G6,3 + допустимый износ",right_support,правая опора,0.015802217407926596,-3.212001088757252,-3.0427512214533565
allowable_wear_g6_3_offdesign,"G6,3 + допустимый износ",right_support,правая опора,0.015853192302790874,-3.2117687159230166,-3.050509924950429
allowable_wear_g6_3_offdesign,"G6,3 + допустимый износ",right_support,правая опора,0.015904167197655153,-3.2107399101114513,-3.0575121833492425
allowable_wear_g6_3_offdesign,"G6,3 + допустимый износ",right_support,правая опора,0.015955142092519435,-3.2089149264389576,-3.0637562602764787
allowable_wear_g6_3_offdesign,"G6,3 + допустимый износ",right_support,правая опора,0.016006116987383714,-3.2062942174528093,-3.0692406073676004
allowable_wear_g6_3_offdesign,"G6,3 + допустимый износ",right_support,правая опора,0.016057091882247992,-3.202878433018937,-3.073963864650808
allowable_wear_g6_3_offdesign,"G6,3 + допустимый износ",right_support,правая опора,0.01610806677711227,-3.1986684201607734,-3.0779248608842735
allowable_wear_g6_3_offdesign,"G6,3 + допустимый износ",right_support,правая опора,0.01615904167197655,-3.1936652228492184,-3.0811226138465786
allowable_wear_g6_3_offdesign,"G6,3 + допустимый износ",right_support,правая опора,0.01621001656684083,-3.1878700817437604,-3.08355633058028
allowable_wear_g6_3_offdesign,"G6,3 + допустимый износ",right_support,правая опора,0.01626099146170511,-3.181284433884825,-3.0852254075885384
allowable_wear_g6_3_offdesign,"G6,3 + допустимый износ",right_support,правая опора,0.01631196635656939,-3.17390991233743,-3.086129430984774
allowable_wear_g6_3_offdesign,"G6,3 + допустимый износ",right_support,правая опора,0.016362941251433668,-3.165748345786225,-3.086268176595297
allowable_wear_g6_3_offdesign,"G6,3 + допустимый износ",right_support,правая опора,0.016413916146297947,-3.1568017580820302,-3.085641610014896
allowable_wear_g6_3_offdesign,"G6,3 + допустимый износ",right_support,правая опора,0.016464891041162225,-3.1470723677399732,-3.084249886615371
allowable_wear_g6_3_offdesign,"G6,3 + допустимый износ",right_support,правая опора,0.016515865936026507,-3.136562587389356,-3.0820933515070057
allowable_wear_g6_3_offdesign,"G6,3 + допустимый износ",right_support,правая опора,0.016566840830890786,-3.125275023175389,-3.079172539452988
allowable_wear_g6_3_offdesign,"G6,3 + допустимый износ",right_support,правая опора,0.016617815725755065,-3.113212474112936,-3.0754881747368024
allowable_wear_g6_3_offdesign,"G6,3 + допустимый износ",right_support,правая опора,0.016668790620619343,-3.100377931392434,-3.0710411709826304
allowable_wear_g6_3_offdesign,"G6,3 + допустимый износ",right_support,правая опора,0.016719765515483622,-3.086774577638152,-3.065832630928792
allowable_wear_g6_3_offdesign,"G6,3 + допустимый износ",right_support,правая опора,0.016770740410347904,-3.0724057861189946,-3.059863846154299
allowable_wear_g6_3_offdesign,"G6,3 + допустимый износ",right_support,правая опора,0.016821715305212183,-3.0572751199120143,-3.0531362967585762
allowable_wear_g6_3_offdesign,"G6,3 + допустимый износ",right_support,правая опора,0.01687269020007646,-3.0413863310188667,-3.045651650994436
allowable_wear_g6_3_offdesign,"G6,3 + допустимый износ",right_support,правая опора,0.01692366509494074,-3.0247433594354094,-3.0374117648543977
allowable_wear_g6_3_offdesign,"G6,3 + допустимый износ",right_support,правая опора,0.01697463998980502,-3.007350332174697,-3.028418681610451
allowable_wear_g6_3_offdesign,"G6,3 + допустимый износ",right_support,правая опора,0.0170256148846693,-2.9892115622435793,-3.0186746313073756
allowable_wear_g6_3_offdesign,"G6,3 + допустимый износ",right_support,правая опора,0.01707658977953358,-2.970331547573207,-3.008182030209755
allowable_wear_g6_3_offdesign,"G6,3 + допустимый износ",right_support,правая опора,0.01712756467439786,-2.95071496990365,-2.996943480202802
allowable_wear_g6_3_offdesign,"G6,3 + допустимый износ",right_support,правая опора,0.017178539569262137,-2.9303666936229558,-2.984961768147164
allowable_wear_g6_3_offdesign,"G6,3 + допустимый износ",right_support,правая опора,0.017229514464126416,-2.909291764560915,-2.972239865187856
allowable_wear_g6_3_offdesign,"G6,3 + допустимый износ",right_support,правая опора,0.017280489358990698,-2.8874954087378226,-2.958780926017491
allowable_wear_g6_3_offdesign,"G6,3 + допустимый износ",right_support,правая опора,0.017331464253854977,-2.864983031068574,-2.9445882880940104
allowable_wear_g6_3_offdesign,"G6,3 + допустимый износ",right_support,правая опора,0.017382439148719255,-2.84176021402238,-2.9296654708130716
allowable_wear_g6_3_offdesign,"G6,3 + допустимый износ",right_support,правая опора,0.017433414043583534,-2.8178327162384695,-2.914016174635339
allowable_wear_g6_3_offdesign,"G6,3 + допустимый износ",right_support,правая опора,0.017484388938447813,-2.7932064710980997,-2.8976442801688673
allowable_wear_g6_3_offdesign,"G6,3 + допустимый износ",right_support,правая опора,0.017535363833312095,-2.7678875852532325,-2.880553847206812
allowable_wear_g6_3_offdesign,"G6,3 + допустимый износ",right_support,правая опора,0.017586338728176373,-2.741882337112257,-2.862749113720715
allowable_wear_g6_3_offdesign,"G6,3 + допустимый износ",right_support,правая опора,0.017637313623040652,-2.7151971752830977,-2.844234494809592
allowable_wear_g6_3_offdesign,"G6,3 + допустимый износ",right_support,правая опора,0.01768828851790493,-2.687838716974144,-2.825014581605112
allowable_wear_g6_3_offdesign,"G6,3 + допустимый износ",right_support,правая опора,0.01773926341276921,-2.6598137463533527,-2.805094140133116
allowable_wear_g6_3_offdesign,"G6,3 + допустимый износ",right_support,правая опора,0.017790238307633488,-2.631129212865953,-2.7844781101317713
allowable_wear_g6_3_offdesign,"G6,3 + допустимый износ",right_support,правая опора,0.01784121320249777,-2.6017922295111773,-2.763171603826647
allowable_wear_g6_3_offdesign,"G6,3 + допустимый износ",right_support,правая опора,0.01789218809736205,-2.571810071078426,-2.7411799046630225
allowable_wear_g6_3_offdesign,"G6,3 + допустимый износ",right_support,правая опора,0.017943162992226327,-2.5411901723433035,-2.718508465995727
allowable_wear_g6_3_offdesign,"G6,3 + допустимый износ",right_support,правая опора,0.017994137887090606,-2.5099401262240044,-2.695162909736858
allowable_wear_g6_3_offdesign,"G6,3 + допустимый износ",right_support,правая опора,0.018045112781954885,-2.478067681898466,-2.6711490249616965
allowable_wear_g6_3_offdesign,"G6,3 + допустимый износ",right_support,правая опора,0.018096087676819167,-2.4455807428827776,-2.646472766473166
allowable_wear_g6_3_offdesign,"G6,3 + допустимый износ",right_support,правая опора,0.018147062571683446,-2.412487365071327,-2.62114025332521
allowable_wear_g6_3_offdesign,"G6,3 + допустимый износ",right_support,правая опора,0.018198037466547724,-2.378795754739145,-2.595157767305421
allowable_wear_g6_3_offdesign,"G6,3 + допустимый износ",right_support,правая опора,0.018249012361412003,-2.3445142665069723,-2.5685317513773267
allowable_wear_g6_3_offdesign,"G6,3 + допустимый износ",right_support,правая опора,0.01829998725627628,-2.3096514012695346,-2.5412688080827093
allowable_wear_g6_3_offdesign,"G6,3 + допустимый износ",right_support,правая опора,0.018350962151140564,-2.274215804087548,-2.5133756979043467
allowable_wear_g6_3_offdesign,"G6,3 + допустимый износ",right_support,правая опора,0.018401937046004842,-2.238216262043979,-2.484859337589603
allowable_wear_g6_3_offdesign,"G6,3 + допустимый износ",right_support,правая опора,0.01845291194086912,-2.201661702065075,-2.4557267984352467
allowable_wear_g6_3_offdesign,"G6,3 + допустимый износ",right_support,правая опора,0.0185038868357334,-2.1645611887067275,-2.425985304533965
allowable_wear_g6_3_offdesign,"G6,3 + допустимый износ",right_support,правая опора,0.01855486173059768,-2.1269239219067058,-2.395642230982982
allowable_wear_g6_3_offdesign,"G6,3 + допустимый износ",right_support,правая опора,0.01860583662546196,-2.0887592347033133,-2.3647051020552268
allowable_wear_g6_3_offdesign,"G6,3 + допустимый износ",right_support,правая опора,0.01865681152032624,-2.0500765909210537,-2.3331815893335217
allowable_wear_g6_3_offdesign,"G6,3 + допустимый износ",right_support,правая опора,0.018707786415190518,-2.01088558282384,-2.301079509808226
allowable_wear_g6_3_offdesign,"G6,3 + допустимый износ",right_support,правая опора,0.018758761310054797,-1.9711959287363807,-2.268406823938838
allowable_wear_g6_3_offdesign,"G6,3 + допустимый износ",right_support,правая опора,0.018809736204919075,-1.931017470634284,-2.235171633680005
allowable_wear_g6_3_offdesign,"G6,3 + допустимый износ",right_support,правая опора,0.018860711099783357,-1.89036017170352,-2.201382180472462
allowable_wear_g6_3_offdesign,"G6,3 + допустимый износ",right_support,правая опора,0.018911685994647636,-1.8492341138698174,-2.167046843199377
allowable_wear_g6_3_offdesign,"G6,3 + допустимый износ",right_support,правая опора,0.018962660889511915,-1.807649495298604,-2.1321741361086013
allowable_wear_g6_3_offdesign,"G6,3 + допустимый износ",right_support,правая опора,0.019013635784376193,-1.7656166278661412,-2.0967727067013686
allowable_wear_g6_3_offdesign,"G6,3 + допустимый износ",right_support,правая опора,0.019064610679240472,-1.7231459346024522,-2.0608513335879457
allowable_wear_g6_3_offdesign,"G6,3 + допустимый износ",right_support,правая опора,0.019115585574104754,-1.6802479471066871,-2.024418924310769
allowable_wear_g6_3_offdesign,"G6,3 + допустимый износ",right_support,правая опора,0.019166560468969033,-1.6369333029355755,-1.9874845131356194
allowable_wear_g6_3_offdesign,"G6,3 + допустимый износ",right_support,правая опора,0.01921753536383331,-1.593212742965582,-1.9500572588113516
allowable_wear_g6_3_offdesign,"G6,3 + допустимый износ",right_support,правая опора,0.01926851025869759,-1.549097108729466,-1.9121464422987802
allowable_wear_g6_3_offdesign,"G6,3 + допустимый износ",right_support,правая опора,0.01931948515356187,-1.5045973397278665,-1.873761464469243
allowable_wear_g6_3_offdesign,"G6,3 + допустимый износ",right_support,правая опора,0.019370460048426148,-1.4597244707165993,-1.8349118437734393
allowable_wear_g6_3_offdesign,"G6,3 + допустимый износ",right_support,правая опора,0.01942143494329043,-1.4144896289703282,-1.7956072138811026
allowable_wear_g6_3_offdesign,"G6,3 + допустимый износ",right_support,правая опора,0.01947240983815471,-1.3689040315233088,-1.755857321292119
allowable_wear_g6_3_offdesign,"G6,3 + допустимый износ",right_support,правая опора,0.019523384733018987,-1.3229789823878477,-1.7156720229196394
allowable_wear_g6_3_offdesign,"G6,3 + допустимый износ",right_support,правая опора,0.019574359627883266,-1.2767258697512187,-1.6750612836458396
allowable_wear_g6_3_offdesign,"G6,3 + допустимый износ",right_support,правая опора,0.019625334522747544,-1.2301561631516962,-1.6340351738508931
allowable_wear_g6_3_offdesign,"G6,3 + допустимый износ",right_support,правая опора,0.019676309417611827,-1.1832814106344003,-1.592603866915772
allowable_wear_g6_3_offdesign,"G6,3 + допустимый износ",right_support,правая опора,0.019727284312476105,-1.1361132358877284,-1.5507776366995554
allowable_wear_g6_3_offdesign,"G6,3 + допустимый износ",right_support,правая опора,0.019778259207340384,-1.0886633353609396,-1.5085668549917395
allowable_wear_g6_3_offdesign,"G6,3 + допустимый износ",right_support,правая опора,0.019829234102204663,-1.0409434753637836,-1.4659819889403451
allowable_wear_g6_3_offdesign,"G6,3 + допустимый износ",right_support,правая опора,0.01988020899706894,-0.9929654891487574,-1.4230335984563307
allowable_wear_g6_3_offdesign,"G6,3 + допустимый износ",right_support,правая опора,0.019931183891933223,-0.9447412739767717,-1.379732333595015
allowable_wear_g6_3_offdesign,"G6,3 + допустимый износ",right_support,правая опора,0.019982158786797502,-0.8962827881669592,-1.3360889319151583
allowable_wear_g6_3_offdesign,"G6,3 + допустимый износ",right_support,правая опора,0.02003313368166178,-0.8476020481313147,-1.292114215816319
allowable_wear_g6_3_offdesign,"G6,3 + допустимый износ",right_support,правая опора,0.02008410857652606,-0.7987111253949554,-1.247819089855197
allowable_wear_g6_3_offdesign,"G6,3 + допустимый износ",right_support,правая опора,0.020135083471390338,-0.7496221436027024,-1.2032145380415924
allowable_wear_g6_3_offdesign,"G6,3 + допустимый износ",right_support,правая опора,0.02018605836625462,-0.7003472755127372,-1.1583116211146607
allowable_wear_g6_3_offdesign,"G6,3 + допустимый износ",right_support,правая опора,0.0202370332611189,-0.6508987399780938,-1.113121473800155
allowable_wear_g6_3_offdesign,"G6,3 + допустимый износ",right_support,правая опора,0.020288008155983177,-0.6012887989166914,-1.0676553020492967
allowable_wear_g6_3_offdesign,"G6,3 + допустимый износ",right_support,правая опора,0.020338983050847456,-0.5515297542707184,-1.0219243802600069
limit_g16_offdesign,G16 + предельные зазоры,left_support,левая опора,0.0,29.06272671483473,19.28723065764165
limit_g16_offdesign,G16 + предельные зазоры,left_support,левая опора,5.097489486427934e-05,29.668034719209892,19.878327645941393
limit_g16_offdesign,G16 + предельные зазоры,left_support,левая опора,0.00010194978972855868,30.265985842279807,20.46449533917923
limit_g16_offdesign,G16 + предельные зазоры,left_support,левая опора,0.000152924684592838,30.856431808114497,21.045588383401483
limit_g16_offdesign,G16 + предельные зазоры,left_support,левая опора,0.00020389957945711736,31.43922620186279,21.62146268303209
limit_g16_offdesign,G16 + предельные зазоры,left_support,левая опора,0.0002548744743213967,32.01422450605933,22.19197543660444
limit_g16_offdesign,G16 + предельные зазоры,left_support,левая опора,0.000305849369185676,32.581284136460994,22.756985172172364
limit_g16_offdesign,G16 + предельные зазоры,left_support,левая опора,0.0003568242640499554,33.14026447740406,23.316351782391354
limit_g16_offdesign,G16 + предельные зазоры,left_support,левая опора,0.0004077991589142347,33.69102691667308,23.869936559261497
limit_g16_offdesign,G16 + предельные зазоры,left_support,левая опора,0.00045877405377851404,34.23343487987304,24.417602228523325
limit_g16_offdesign,G16 + предельные зазоры,left_support,левая опора,0.0005097489486427934,34.767353864296155,24.959212983698194
limit_g16_offdesign,G16 + предельные зазоры,left_support,левая опора,0.0005607238435070727,35.29265147227496,25.494634519764638
limit_g16_offdesign,G16 + предельные зазоры,left_support,левая опора,0.000611698738371352,35.80919744401342,26.023734066462474
limit_g16_offdesign,G16 + предельные зазоры,left_support,левая опора,0.0006626736332356314,36.31686368988782,26.54638042121624
limit_g16_offdesign,G16 + предельные зазоры,left_support,левая опора,0.0007136485280999108,36.81552432220967,27.062443981669983
limit_g16_offdesign,G16 + предельные зазоры,left_support,левая опора,0.0007646234229641901,37.305055686442394,27.57179677782514
limit_g16_offdesign,G16 + предельные зазоры,left_support,левая опора,0.0008155983178284694,37.78533639186444,28.074312503773697
limit_g16_offdesign,G16 + предельные зазоры,left_support,левая опора,0.0008665732126927488,38.25624734167091,28.569866549018723
limit_g16_offdesign,G16 + предельные зазоры,left_support,левая опора,0.0009175481075570281,38.71767176250638,29.0583360293744
limit_g16_offdesign,G16 + предельные зазоры,left_support,левая опора,0.0009685230024213075,39.16949523342156,29.53959981743804
limit_g16_offdesign,G16 + предельные зазоры,left_support,левая опора,0.0010194978972855868,39.6116057142467,30.013538572626466
limit_g16_offdesign,G16 + предельные зазоры,left_support,левая опора,0.0010704727921498661,40.043893573374525,30.48003477076927
limit_g16_offdesign,G16 + предельные зазоры,left_support,левая опора,0.0011214476870141455,40.46625161494593,30.93897273325169
limit_g16_offdesign,G16 + предельные зазоры,left_support,левая опора,0.0011724225818784248,40.87857510543174,31.39023865569981
limit_g16_offdesign,G16 + предельные зазоры,left_support,левая опора,0.001223397476742704,41.28076179960379,31.833720636201026
limit_g16_offdesign,G16 + предельные зазоры,left_support,левая опора,0.0012743723716069834,41.67271196588904,32.2693087030527
limit_g16_offdesign,G16 + предельные зазоры,left_support,левая опора,0.0013253472664712627,42.05432841110034,32.696894842032265
limit_g16_offdesign,G16 + предельные зазоры,left_support,левая опора,0.0013763221613355423,42.42551650453774,33.11637302318181
limit_g16_offdesign,G16 + предельные зазоры,left_support,левая опора,0.0014272970561998216,42.78618420145439,33.52763922710072
limit_g16_offdesign,G16 + предельные зазоры,left_support,левая опора,0.001478271951064101,43.13624206588117,33.930591470739714
limit_g16_offdesign,G16 + предельные зазоры,left_support,левая опора,0.0015292468459283802,43.475603292804436,34.325129832689896
limit_g16_offdesign,G16 + предельные зазоры,left_support,левая опора,0.0015802217407926596,43.80418372969135,34.71115647796062
limit_g16_offdesign,G16 + предельные зазоры,left_support,левая опора,0.0016311966356569389,44.12190189735746,35.088575682239956
limit_g16_offdesign,G16 + предельные зазоры,left_support,левая опора,0.0016821715305212182,44.42867901017135,35.45729385563176
limit_g16_offdesign,G16 + предельные зазоры,left_support,левая опора,0.0017331464253854975,44.724438995591385,35.81721956586346
limit_g16_offdesign,G16 + предельные зазоры,left_support,левая опора,0.0017841213202497768,45.0091085130297,36.16826356095888
limit_g16_offdesign,G16 + предельные зазоры,left_support,левая опора,0.0018350962151140562,45.28261697203865,36.51033879137023
limit_g16_offdesign,G16 + предельные зазоры,left_support,левая опора,0.0018860711099783355,45.544896549815434,36.84336043156423
limit_g16_offdesign,G16 + предельные зазоры,left_support,левая опора,0.001937046004842615,45.795882208020274,37.16724590105643
limit_g16_offdesign,G16 + предельные зазоры,left_support,левая опора,0.001988020899706894,46.0355117089042,37.481914884889065
limit_g16_offdesign,G16 + предельные зазоры,left_support,левая опора,0.0020389957945711737,46.26372563074241,37.78728935354701
limit_g16_offdesign,G16 + предельные зазоры,left_support,левая опора,0.0020899706894354528,46.480467382569174,38.083293582306965
limit_g16_offdesign,G16 + предельные зазоры,left_support,левая опора,0.0021409455842997323,46.685683218211,38.36985417001521
limit_g16_offdesign,G16 + предельные зазоры,left_support,левая опора,0.002191920479164012,46.87932224961415,38.64690005728913
limit_g16_offdesign,G16 + предельные зазоры,left_support,левая опора,0.002242895374028291,47.061336459463554,38.914362544138044
limit_g16_offdesign,G16 + предельные зазоры,left_support,левая опора,0.0022938702688925705,47.23168071308988,39.17217530699897
limit_g16_offdesign,G16 + предельные зазоры,left_support,левая опора,0.0023448451637568496,47.39031276966163,39.4202744151831
limit_g16_offdesign,G16 + предельные зазоры,left_support,левая опора,0.002395820058621129,47.5371932926598,39.658598346728894
limit_g16_offdesign,G16 + предельные зазоры,left_support,левая опора,0.002446794953485408,47.67228585963229,39.887088003657894
limit_g16_offdesign,G16 + предельные зазоры,left_support,левая опора,0.0024977698483496878,47.79555697122567,40.10568672662945
limit_g16_offdesign,G16 + предельные зазоры,left_support,левая опора,0.002548744743213967,47.90697605949215,40.31434030899074
limit_g16_offdesign,G16 + предельные зазоры,left_support,левая опора,0.0025997196380782464,48.006515495469614,40.51299701021852
limit_g16_offdesign,G16 + предельные зазоры,left_support,левая опора,0.0026506945329425255,48.09415059603285,40.701607568749466
limit_g16_offdesign,G16 + предельные зазоры,left_support,левая опора,0.002701669427806805,48.16985963001431,40.88012521419568
limit_g16_offdesign,G16 + предельные зазоры,left_support,левая опора,0.0027526443226710846,48.233623823592886,41.04850567894251
limit_g16_offdesign,G16 + предельные зазоры,left_support,левая опора,0.0028036192175353637,48.28542736494928,41.20670720912573
limit_g16_offdesign,G16 + предельные зазоры,left_support,левая опора,0.002854594112399643,48.32525740818694,41.354690574985405
limit_g16_offdesign,G16 + предельные зазоры,left_support,левая опора,0.0029055690072639223,48.35310407651751,41.49241908059382
limit_g16_offdesign,G16 + предельные зазоры,left_support,левая опора,0.002956543902128202,48.368960464709936,41.61985857295507
limit_g16_offdesign,G16 + предельные зазоры,left_support,левая опора,0.003007518796992481,48.372822640802895,41.73697745047411
limit_g16_offdesign,G16 + предельные зазоры,left_support,левая опора,0.0030584936918567605,48.364689647079715,41.843746670793095
limit_g16_offdesign,G16 + предельные зазоры,left_support,левая опора,0.0031094685867210396,48.34456350030591,41.94013975799315
limit_g16_offdesign,G16 + предельные зазоры,left_support,левая опора,0.003160443481585319,48.312449191229085,42.02613280915964
limit_g16_offdesign,G16 + предельные зазоры,left_support,левая опора,0.0032114183764495982,48.26835468334135,42.10170450030949
limit_g16_offdesign,G16 + предельные зазоры,left_support,левая опора,0.0032623932713138778,48.21229091090455,42.16683609167892
limit_g16_offdesign,G16 + предельные зазоры,left_support,левая опора,0.0033133681661781573,48.14427177623893,42.22151143237046
limit_g16_offdesign,G16 + предельные зазоры,left_support,левая опора,0.0033643430610424364,48.06431414627569,42.26571696435794
limit_g16_offdesign,G16 + предельные зазоры,left_support,левая опора,0.003415317955906716,47.972437848374405,42.29944172584846
limit_g16_offdesign,G16 + предельные зазоры,left_support,левая опора,0.003466292850770995,47.86866566540647,42.32267735400068
limit_g16_offdesign,G16 + предельные зазоры,left_support,левая опора,0.0035172677456352746,47.75302333010542,42.33541808699855
limit_g16_offdesign,G16 + предельные зазоры,left_support,левая опора,0.0035682426404995537,47.62553951868602,42.33766076548012
limit_g16_offdesign,G16 + предельные зазоры,left_support,левая опора,0.0036192175353638332,47.48624584373324,42.32940483332094
limit_g16_offdesign,G16 + предельные зазоры,left_support,левая опора,0.0036701924302281123,47.335176846363254,42.31065233777199
limit_g16_offdesign,G16 + предельные зазоры,left_support,левая опора,0.003721167325092392,47.17236998765809,42.281407928951964
limit_g16_offdesign,G16 + предельные зазоры,left_support,левая опора,0.003772142219956671,46.997865639376315,42.2416788586943
limit_g16_offdesign,G16 + предельные зазоры,left_support,левая опора,0.0038231171148209505,46.811707073941925,42.19147497874872
limit_g16_offdesign,G16 + предельные зазоры,left_support,левая опора,0.00387409200968523,46.61394045371396,42.130808738338445
limit_g16_offdesign,G16 + предельные зазоры,left_support,левая опора,0.00392506690454951,46.40461481953938,42.05969518107299
limit_g16_offdesign,G16 + предельные зазоры,left_support,левая опора,0.003976041799413788,46.18378207859235,41.97815194121783
limit_g16_offdesign,G16 + предельные зазоры,left_support,левая опора,0.004027016694278068,45.95149699150257,41.88619923932152
limit_g16_offdesign,G16 + предельные зазоры,left_support,левая опора,0.004077991589142347,45.707817158776145,41.78385987720157
limit_g16_offdesign,G16 + предельные зазоры,left_support,левая опора,0.004128966484006627,45.45280300651215,41.671159232290194
limit_g16_offdesign,G16 + предельные зазоры,left_support,левая опора,0.0041799413788709055,45.186517771418636,41.548125251341396
limit_g16_offdesign,G16 + предельные зазоры,left_support,левая опора,0.004230916273735185,44.90902748513154,41.414788443500875
limit_g16_offdesign,G16 + предельные зазоры,left_support,левая опора,0.004281891168599465,44.62040095784065,41.27118187274062
limit_g16_offdesign,G16 + предельные зазоры,left_support,левая опора,0.004332866063463744,44.32070976122649,41.117341149659914
limit_g16_offdesign,G16 + предельные зазоры,left_support,левая опора,0.004383840958328024,44.01002821071248,40.953304422654845
limit_g16_offdesign,G16 + предельные зазоры,left_support,левая опора,0.004434815853192302,43.68843334703664,40.77911236845853
limit_g16_offdesign,G16 + предельные зазоры,left_support,левая опора,0.004485790748056582,43.3560049171476,40.59480818205435
limit_g16_offdesign,G16 + предельные зазоры,left_support,левая опора,0.004536765642920861,43.012825354429445,40.400437565964786
limit_g16_offdesign,G16 + предельные зазоры,left_support,левая опора,0.004587740537785141,42.65897975826044,40.196048718918384
limit_g16_offdesign,G16 + предельные зазоры,left_support,левая опора,0.00463871543264942,42.29455587291069,39.98169232389774
limit_g16_offdesign,G16 + предельные зазоры,left_support,левая опора,0.004689690327513699,41.91964406578387,39.75742153557153
limit_g16_offdesign,G16 + предельные зазоры,left_support,левая опора,0.004740665222377979,41.53433730500847,39.5232919671135
limit_g16_offdesign,G16 + предельные зазоры,left_support,левая опора,0.004791640117242258,41.138731136384294,39.27936167641193
limit_g16_offdesign,G16 + предельные зазоры,left_support,левая опора,0.004842615012106537,40.73292365968957,39.02569115167283
limit_g16_offdesign,G16 + предельные зазоры,left_support,левая опора,0.004893589906970816,40.31701550435481,38.762343296420426
limit_g16_offdesign,G16 + предельные зазоры,left_support,левая опора,0.004944564801835096,39.89110980450946,38.4893834138988
limit_g16_offdesign,G16 + предельные зазоры,left_support,левая опора,0.0049955396966993755,39.45531217340732,38.20687919087846
limit_g16_offdesign,G16 + предельные зазоры,left_support,левая опора,0.005046514591563655,39.009730677237336,37.91490068087176
limit_g16_offdesign,G16 + предельные зазоры,left_support,левая опора,0.005097489486427934,38.554475808326,37.613520286761535
limit_g16_offdesign,G16 + предельные зазоры,left_support,левая опора,0.005148464381292213,38.089660457738276,37.30281274284712
limit_g16_offdesign,G16 + предельные зазоры,left_support,левая опора,0.005199439276156493,37.61539988728357,36.98285509631223
limit_g16_offdesign,G16 + предельные зазоры,left_support,левая опора,0.005250414171020772,37.13181170093385,36.65372668811927
limit_g16_offdesign,G16 + предельные зазоры,left_support,левая опора,0.005301389065885051,36.639015815661125,36.315509133335
limit_g16_offdesign,G16 + предельные зазоры,left_support,левая опора,0.0053523639607493305,36.13713443170106,35.96828630089205
limit_g16_offdesign,G16 + предельные зазоры,left_support,левая опора,0.00540333885561361,35.62629200225074,35.61214429279178
limit_g16_offdesign,G16 + предельные зазоры,left_support,левая опора,0.00545431375047789,35.10661520260747,35.24717142275316
limit_g16_offdesign,G16 + предельные зазоры,left_support,левая опора,0.005505288645342169,34.57823289875677,34.87345819431342
limit_g16_offdesign,G16 + предельные зазоры,left_support,левая опора,0.005556263540206448,34.04127611541698,34.49109727838554
limit_g16_offdesign,G16 + предельные зазоры,left_support,левая опора,0.005607238435070727,33.49587800354868,34.10018349027835
limit_g16_offdesign,G16 + предельные зазоры,left_support,левая опора,0.005658213329935007,32.94217380733678,33.70081376618487
limit_g16_offdesign,G16 + предельные зазоры,left_support,левая опора,0.005709188224799286,32.380300830653525,33.29308713914466
limit_g16_offdesign,G16 + предельные зазоры,left_support,левая опора,0.005760163119663565,31.810398403010893,32.87710471448641
limit_g16_offdesign,G16 + предельные зазоры,left_support,левая опора,0.005811138014527845,31.232607845010506,32.4529696447563
limit_g16_offdesign,G16 + предельные зазоры,left_support,левая опора,0.005862112909392124,30.64707243329994,32.02078710413913
limit_g16_offdesign,G16 + предельные зазоры,left_support,левая опора,0.005913087804256404,30.053937365043907,31.58066426237783
limit_g16_offdesign,G16 + предельные зазоры,left_support,левая опора,0.005964062699120682,29.453349721919253,31.132710258198173
limit_g16_offdesign,G16 + предельные зазоры,left_support,левая опора,0.006015037593984962,28.845458433642595,30.6770361722454
limit_g16_offdesign,G16 + предельные зазоры,left_support,левая опора,0.0060660124888492414,28.230414241039792,30.213754999539095
limit_g16_offdesign,G16 + предельные зазоры,left_support,левая опора,0.006116987383713521,27.608369658666142,29.74298162145346
limit_g16_offdesign,G16 + предельные зазоры,left_support,левая опора,0.0061679622785778005,26.979478936986936,29.264832777229813
limit_g16_offdesign,G16 + предельные зазоры,left_support,левая опора,0.006218937173442079,26.34389802412738,28.779427035028338
limit_g16_offdesign,G16 + предельные зазоры,left_support,левая опора,0.006269912068306359,25.701784527201667,28.28688476252637
limit_g16_offdesign,G16 + предельные зазоры,left_support,левая опора,0.006320886963170638,25.053297673230585,27.787328097070414
limit_g16_offdesign,G16 + предельные зазоры,left_support,левая опора,0.006371861858034918,24.39859826965751,27.280880915389336
limit_g16_offdesign,G16 + предельные зазоры,left_support,левая опора,0.0064228367528991965,23.73784866447241,26.767668802876283
limit_g16_offdesign,G16 + предельные зазоры,left_support,левая опора,0.006473811647763476,23.07121270595384,26.247819022446723
limit_g16_offdesign,G16 + предельные зазоры,left_support,левая опора,0.0065247865426277555,22.39885570203904,25.721460482980802
limit_g16_offdesign,G16 + предельные зазоры,left_support,левая опора,0.006575761437492035,21.72094437933189,25.1887237073573
limit_g16_offdesign,G16 + предельные зазоры,left_support,левая опора,0.006626736332356315,21.03764684175916,24.649740800087393
limit_g16_offdesign,G16 + предельные зазоры,left_support,левая опора,0.006677711227220593,20.349132528885313,24.104645414556398
limit_g16_offdesign,G16 + предельные зазоры,left_support,левая опора,0.006728686122084873,19.655572173895887,23.55357271988112
limit_g16_offdesign,G16 + предельные зазоры,left_support,левая опора,0.006779661016949152,18.95713776126029,22.996659367391636
limit_g16_offdesign,G16 + предельные зазоры,left_support,левая опора,0.006830635911813432,18.25400248408421,22.43404345674539
limit_g16_offdesign,G16 + предельные зазоры,left_support,левая опора,0.0068816108066777106,17.54634070116242,21.86586450168216
limit_g16_offdesign,G16 + предельные зазоры,left_support,левая опора,0.00693258570154199,16.834327893742326,21.292263395428332
limit_g16_offdesign,G16 + предельные зазоры,left_support,левая опора,0.00698356059640627,16.118140622009378,20.713382375759178
limit_g16_offdesign,G16 + предельные зазоры,left_support,левая опора,0.007034535491270549,15.397956481304822,20.129364989727677
limit_g16_offdesign,G16 + предельные зазоры,left_support,левая опора,0.007085510386134829,14.673954058086846,19.54035605806868
limit_g16_offdesign,G16 + предельные зазоры,left_support,левая опора,0.007136485280999107,13.946312885645824,18.946501639287195
limit_g16_offdesign,G16 + предельные зазоры,left_support,левая опора,0.007187460175863387,13.215213399584874,18.3479489934398
limit_g16_offdesign,G16 + предельные зазоры,left_support,левая опора,0.0072384350707276664,12.4808368930767,17.74484654561811
limit_g16_offdesign,G16 + предельные зазоры,left_support,левая опора,0.007289409965591946,11.743365471907628,17.137343849143225
limit_g16_offdesign,G16 + предельные зазоры,left_support,левая опора,0.007340384860456225,11.002982009320295,16.525591548480588
limit_g16_offdesign,G16 + предельные зазоры,left_support,левая опора,0.007391359755320504,10.259870100665902,15.909741341884096
limit_g16_offdesign,G16 + предельные зазоры,left_support,левая опора,0.007442334650184784,9.514214017877585,15.289945943779086
limit_g16_offdesign,G16 + предельные зазоры,left_support,левая опора,0.007493309545049063,8.766198663775718,14.666359046893092
limit_g16_offdesign,G16 + предельные зазоры,left_support,левая опора,0.007544284439913342,8.016009526217076,14.039135284144244
limit_g16_offdesign,G16 + предельные зазоры,left_support,левая опора,0.0075952593347776215,7.2638326320987305,13.4084301902964
limit_g16_offdesign,G16 + предельные зазоры,left_support,левая опора,0.007646234229641901,6.5098545012284195,12.774400163390712
limit_g16_offdesign,G16 + предельные зазоры,left_support,левая опора,0.0076972091245061805,5.75426210007249,12.137202425963004
limit_g16_offdesign,G16 + предельные зазоры,left_support,левая опора,0.00774818401937046,4.99724279539326,11.496994986056814
limit_g16_offdesign,G16 + предельные зазоры,left_support,левая опора,0.007799158914234739,4.238984307787135,10.853936598041678
limit_g16_offdesign,G16 + предельные зазоры,left_support,левая опора,0.00785013380909902,3.4796746651347514,10.208186723246152
limit_g16_offdesign,G16 + предельные зазоры,left_support,левая опора,0.007901108703963298,2.7195021559752357,9.559905490415796
limit_g16_offdesign,G16 + предельные зазоры,left_support,левая опора,0.007952083598827576,1.9586552828155523,8.909253656005397
limit_g16_offdesign,G16 + предельные зазоры,left_support,левая опора,0.008003058493691857,1.1973227153869017,8.256392564315687
limit_g16_offdesign,G16 + предельные зазоры,left_support,левая опора,0.008054033388556136,0.43569324385981056,7.601484107484348
limit_g16_offdesign,G16 + предельные зазоры,left_support,левая опора,0.008105008283420414,-0.32604426797095026,6.944690685340957
limit_g16_offdesign,G16 + предельные зазоры,left_support,левая опора,0.008155983178284695,-1.0877009295195235,6.28617516513621
limit_g16_offdesign,G16 + предельные зазоры,left_support,левая опора,0.008206958073148973,-1.8490878702486888,5.626100841155239
limit_g16_offdesign,G16 + предельные зазоры,left_support,левая опора,0.008257932968013254,-2.6100162865048806,4.964631394224874
limit_g16_offdesign,G16 + предельные зазоры,left_support,левая опора,0.008308907862877532,-3.3702974883362895,4.301930851125294
limit_g16_offdesign,G16 + предельные зазоры,left_support,левая опора,0.008359882757741811,-4.129742946283091,3.638163543915627
limit_g16_offdesign,G16 + предельные зазоры,left_support,левая опора,0.008410857652606091,-4.888164338127634,2.9734940691840674
limit_g16_offdesign,G16 + предельные зазоры,left_support,левая опора,0.00846183254747037,-5.645373595593284,2.308087247232352
limit_g16_offdesign,G16 + предельные зазоры,left_support,левая опора,0.00851280744233465,-6.401182950980545,1.6421080812045297
limit_g16_offdesign,G16 + предельные зазоры,left_support,левая опора,0.00856378233719893,-7.15540498372814,0.9757217161708573
limit_g16_offdesign,G16 + предельные зазоры,left_support,левая опора,0.008614757232063208,-7.907852666888561,0.30909339817600023
limit_g16_offdesign,G16 + предельные зазоры,left_support,левая опора,0.008665732126927488,-8.658339413505677,-0.3576115667374904
limit_g16_offdesign,G16 + предельные зазоры,left_support,левая опора,0.008716707021791767,-9.40667912288324,-1.0242278535206164
limit_g16_offdesign,G16 + предельные зазоры,left_support,левая опора,0.008767681916656047,-10.152686226733081,-1.6905901591142727
limit_g16_offdesign,G16 + предельные зазоры,left_support,левая опора,0.008818656811520326,-10.896175735190875,-2.3565332434398307
limit_g16_offdesign,G16 + предельные зазоры,left_support,левая опора,0.008869631706384605,-11.636963282688862,-3.0218919703743956
limit_g16_offdesign,G16 + предельные зазоры,left_support,левая опора,0.008920606601248885,-12.374865173673596,-3.686501348700177
limit_g16_offdesign,G16 + предельные зазоры,left_support,левая опора,0.008971581496113164,-13.109698428157342,-4.350196573017736
limit_g16_offdesign,G16 + предельные зазоры,left_support,левая опора,0.009022556390977442,-13.841280827092476,-5.0128130646135265
limit_g16_offdesign,G16 + предельные зазоры,left_support,левая опора,0.009073531285841723,-14.569430957556829,-5.674186512270945
limit_g16_offdesign,G16 + предельные зазоры,left_support,левая опора,0.009124506180706001,-15.293968257739202,-6.334152913015071
limit_g16_offdesign,G16 + предельные зазоры,left_support,левая опора,0.009175481075570282,-16.014713061714037,-6.992548612781163
limit_g16_offdesign,G16 + предельные зазоры,left_support,левая опора,0.00922645597043456,-16.73148664399359,-7.649210346996356
limit_g16_offdesign,G16 + предельные зазоры,left_support,левая опора,0.00927743086529884,-17.444111263847258,-8.303975281065059
limit_g16_offdesign,G16 + предельные зазоры,left_support,левая опора,0.00932840576016312,-18.15241020937643,-8.9566810507475
limit_g16_offdesign,G16 + предельные зазоры,left_support,левая опора,0.009379380655027398,-18.856207841334292,-9.607165802421708
limit_g16_offdesign,G16 + предельные зазоры,left_support,левая опора,0.009430355549891679,-19.555329636679875,-10.25526823321905
limit_g16_offdesign,G16 + предельные зазоры,left_support,левая опора,0.009481330444755957,-20.24960223185483,-10.900827631022809
limit_g16_offdesign,G16 + предельные зазоры,left_support,левая опора,0.009532305339620236,-20.938853465773196,-11.543683914320692
limit_g16_offdesign,G16 + предельные зазоры,left_support,левая опора,0.009583280234484516,-21.622912422512677,-12.183677671900703
limit_g16_offdesign,G16 + предельные зазоры,left_support,левая опора,0.009634255129348795,-22.30160947369716,-12.820650202380827
limit_g16_offdesign,G16 + предельные зазоры,left_support,левая опора,0.009685230024213074,-22.97477632056017,-13.454443553562841
limit_g16_offdesign,G16 + предельные зазоры,left_support,левая опора,0.009736204919077354,-23.64224603567839,-14.084900561600193
limit_g16_offdesign,G16 + предельные зазоры,left_support,левая опора,0.009787179813941633,-24.30385310436517,-14.711864889970379
limit_g16_offdesign,G16 + предельные зазоры,left_support,левая опора,0.009838154708805913,-24.95943346571388,-15.335181068242385
limit_g16_offdesign,G16 + предельные зазоры,left_support,левая опора,0.009889129603670192,-25.608824553280478,-15.95469453062902
limit_g16_offdesign,G16 + предельные зазоры,left_support,левая опора,0.00994010449853447,-26.25186533539584,-16.57025165431531
limit_g16_offdesign,G16 + предельные зазоры,left_support,левая опора,0.009991079393398751,-26.88839635509718,-17.181699797552707
limit_g16_offdesign,G16 + предельные зазоры,left_support,левая опора,0.01004205428826303,-27.518259769669104,-17.788887337510186
limit_g16_offdesign,G16 + предельные зазоры,left_support,левая опора,0.01009302918312731,-28.141299389784542,-18.391663707872763
limit_g16_offdesign,G16 + предельные зазоры,left_support,левая опора,0.010144004077991589,-28.75736071823537,-18.989879436177787
limit_g16_offdesign,G16 + предельные зазоры,left_support,левая опора,0.010194978972855867,-29.366290988243716,-19.583386180880254
limit_g16_offdesign,G16 + предельные зазоры,left_support,левая опора,0.010245953867720148,-29.96793920134402,-20.1720367681375
limit_g16_offdesign,G16 + предельные зазоры,left_support,левая опора,0.010296928762584426,-30.562156164826536,-20.75568522830431
limit_g16_offdesign,G16 + предельные зазоры,left_support,левая опора,0.010347903657448707,-31.1487945287333,-21.334186832129664
limit_g16_offdesign,G16 + предельные зазоры,left_support,левая опора,0.010398878552312986,-31.727708822396817,-21.90739812664555
limit_g16_offdesign,G16 + предельные зазоры,left_support,левая опора,0.010449853447177264,-32.298755490513095,-22.475176970739643
limit_g16_offdesign,G16 + предельные зазоры,left_support,левая опора,0.010500828342041545,-32.86179292873938,-23.0373825704024
limit_g16_offdesign,G16 + предельные зазоры,left_support,левая опора,0.010551803236905823,-33.41668151880829,-23.593875513640203
limit_g16_offdesign,G16 + предельные зазоры,left_support,левая опора,0.010602778131770102,-33.963283663149475,-24.14451780504591
limit_g16_offdesign,G16 + предельные зазоры,left_support,левая опора,0.010653753026634382,-34.50146381901011,-24.689172900017997
limit_g16_offdesign,G16 + предельные зазоры,left_support,левая опора,0.010704727921498661,-35.031088532065844,-25.227705738619896
limit_g16_offdesign,G16 + предельные зазоры,left_support,левая опора,0.010755702816362941,-35.552026469514004,-25.7599827790714
limit_g16_offdesign,G16 + предельные зазоры,left_support,левая опора,0.01080667771122722,-36.06414845264051,-26.28587203086332
limit_g16_offdesign,G16 + предельные зазоры,left_support,левая опора,0.010857652606091499,-36.56732748885289,-26.805243087487757
limit_g16_offdesign,G16 + предельные зазоры,left_support,левая опора,0.01090862750095578,-37.06143880317093,-27.31796715877532
limit_g16_offdesign,G16 + предельные зазоры,left_support,левая опора,0.010959602395820058,-37.5463598691676,-27.82391710283167
limit_g16_offdesign,G16 + предельные зазоры,left_support,левая опора,0.011010577290684338,-38.02197043935235,-28.322967457565387
limit_g16_offdesign,G16 + предельные зазоры,left_support,левая опора,0.011061552185548617,-38.48815257498923,-28.814994471799135
limit_g16_offdesign,G16 + предельные зазоры,left_support,левая опора,0.011112527080412896,-38.94479067534261,-29.29987613595673
limit_g16_offdesign,G16 + предельные зазоры,left_support,левая опора,0.011163501975277176,-39.39177150634304,-29.77749221231822
limit_g16_offdesign,G16 + предельные зазоры,left_support,левая опора,0.011214476870141455,-39.82898422866629,-30.24772426483561
limit_g16_offdesign,G16 + предельные зазоры,left_support,левая опора,0.011265451765005733,-40.25632042521855,-30.710455688501895
limit_g16_offdesign,G16 + предельные зазоры,left_support,левая опора,0.011316426659870014,-40.67367412802099,-31.165571738266006
limit_g16_offdesign,G16 + предельные зазоры,left_support,левая опора,0.011367401554734292,-41.08094184448696,-31.61295955748641
limit_g16_offdesign,G16 + предельные зазоры,left_support,левая опора,0.011418376449598573,-41.47802258308541,-32.05250820591667
limit_g16_offdesign,G16 + предельные зазоры,left_support,левая опора,0.011469351344462851,-41.86481787838408,-32.4841086872156
limit_g16_offdesign,G16 + предельные зазоры,left_support,левая опора,0.01152032623932713,-42.24123181546635,-32.90765397597548
limit_g16_offdesign,G16 + предельные зазоры,left_support,левая опора,0.01157130113419141,-42.607171053715525,-33.3230390442615
limit_g16_offdesign,G16 + предельные зазоры,left_support,левая опора,0.01162227602905569,-42.96254484996083,-33.73016088765583
limit_g16_offdesign,G16 + предельные зазоры,left_support,левая опора,0.01167325092391997,-43.307265080979334,-34.128918550800094
limit_g16_offdesign,G16 + предельные зазоры,left_support,левая опора,0.011724225818784248,-43.641246265348094,-34.51921315242946
limit_g16_offdesign,G16 + предельные зазоры,left_support,левая опора,0.011775200713648527,-43.964405584641334,-34.90094790989264
limit_g16_offdesign,G16 + предельные зазоры,left_support,левая опора,0.011826175608512807,-44.276662903967186,-35.274028163151456
limit_g16_offdesign,G16 + предельные зазоры,left_support,левая опора,0.011877150503377086,-44.57794079183894,-35.63836139825384
limit_g16_offdesign,G16 + предельные зазоры,left_support,левая опора,0.011928125398241365,-44.86816453937611,-35.99385727027499
limit_g16_offdesign,G16 + предельные зазоры,left_support,левая опора,0.011979100293105645,-45.14726217883015,-36.34042762572043
limit_g16_offdesign,G16 + предельные зазоры,left_support,левая опора,0.012030075187969924,-45.41516450143053,-36.67798652438571
limit_g16_offdesign,G16 + предельные зазоры,left_support,левая опора,0.012081050082834204,-45.67180507454677,-37.00645026066734
limit_g16_offdesign,G16 + предельные зазоры,left_support,левая опора,0.012132024977698483,-45.91712025816181,-37.325737384319474
limit_g16_offdesign,G16 + предельные зазоры,left_support,левая опора,0.012182999872562762,-46.15104922065317,-37.6357687206515
limit_g16_offdesign,G16 + предельные зазоры,left_support,левая опора,0.012233974767427042,-46.37353395387752,-37.936467390161134
limit_g16_offdesign,G16 + предельные зазоры,left_support,левая опора,0.01228494966229132,-46.58451928755509,-38.22775882759856
limit_g16_offdesign,G16 + предельные зазоры,left_support,левая опора,0.012335924557155601,-46.78395290295055,-38.50957080045663
limit_g16_offdesign,G16 + предельные зазоры,left_support,левая опора,0.01238689945201988,-46.97178534584656,-38.781833426882535
limit_g16_offdesign,G16 + предельные зазоры,left_support,левая опора,0.012437874346884158,-47.14797003880715,-39.04447919300673
limit_g16_offdesign,G16 + предельные зазоры,left_support,левая опора,0.012488849241748439,-47.31246329272767,-39.29744296968449
limit_g16_offdesign,G16 + предельные зазоры,left_support,левая опора,0.012539824136612717,-47.46522431766849,-39.54066202864623
limit_g16_offdesign,G16 + предельные зазоры,left_support,левая опора,0.012590799031476998,-47.606215232969866,-39.774076058052465
limit_g16_offdesign,G16 + предельные зазоры,left_support,левая опора,0.012641773926341277,-47.73540107664531,-39.99762717744952
limit_g16_offdesign,G16 + предельные зазоры,left_support,левая опора,0.012692748821205555,-47.852749814051236,-40.21125995212234
limit_g16_offdesign,G16 + предельные зазоры,left_support,левая опора,0.012743723716069836,-47.95823234583069,-40.41492140684081
limit_g16_offdesign,G16 + предельные зазоры,left_support,левая опора,0.012794698610934114,-48.05182251512921,-40.6085610389962
limit_g16_offdesign,G16 + предельные зазоры,left_support,левая опора,0.012845673505798393,-48.13349711408105,-40.792130831124496
limit_g16_offdesign,G16 + предельные зазоры,left_support,левая опора,0.012896648400662673,-48.20323588956411,-40.96558526281344
limit_g16_offdesign,G16 + предельные зазоры,left_support,левая опора,0.012947623295526952,-48.26102154822212,-41.12888132199032
limit_g16_offdesign,G16 + предельные зазоры,left_support,левая опора,0.012998598190391232,-48.306839760753,-41.2819785155879
limit_g16_offdesign,G16 + предельные зазоры,left_support,левая опора,0.013049573085255511,-48.3406791654621,-41.424838879585565
limit_g16_offdesign,G16 + предельные зазоры,left_support,левая опора,0.01310054798011979,-48.36253137107961,-41.55742698842341
limit_g16_offdesign,G16 + предельные зазоры,left_support,левая опора,0.01315152287498407,-48.372390958841386,-41.67970996378684
limit_g16_offdesign,G16 + предельные зазоры,left_support,левая опора,0.013202497769848349,-48.37025548383264,-41.79165748275949
limit_g16_offdesign,G16 + предельные зазоры,left_support,левая опора,0.01325347266471263,-48.35612547559422,-41.89324178534252
limit_g16_offdesign,G16 + предельные зазоры,left_support,левая опора,0.013304447559576908,-48.33000443799128,-41.984437681338335
limit_g16_offdesign,G16 + предельные зазоры,left_support,левая опора,0.013355422454441187,-48.29189884834446,-42.065222556597114
limit_g16_offdesign,G16 + предельные зазоры,left_support,левая опора,0.013406397349305467,-48.24181815582363,-42.13557637862447
limit_g16_offdesign,G16 + предельные зазоры,left_support,левая опора,0.013457372244169746,-48.17977477910478,-42.19548170154902
limit_g16_offdesign,G16 + предельные зазоры,left_support,левая опора,0.013508347139034024,-48.10578410329054,-42.24492367044848
limit_g16_offdesign,G16 + предельные зазоры,left_support,левая опора,0.013559322033898305,-48.019864476095016,-42.28389002503328
limit_g16_offdesign,G16 + предельные зазоры,left_support,левая опора,0.013610296928762583,-47.92203720329412,-42.31237110268678
limit_g16_offdesign,G16 + предельные зазоры,left_support,левая опора,0.013661271823626864,-47.81232654344223,-42.330359840861384
limit_g16_offdesign,G16 + предельные зазоры,left_support,левая опора,0.013712246718491142,-47.69075970185681,-42.33785177882981
limit_g16_offdesign,G16 + предельные зазоры,left_support,левая опора,0.013763221613355421,-47.55736682387216,-42.33484505879126
limit_g16_offdesign,G16 + предельные зазоры,left_support,левая опора,0.013814196508219702,-47.41218098736415,-42.32134042633212
limit_g16_offdesign,G16 + предельные зазоры,left_support,левая опора,0.01386517140308398,-47.25523819454785,-42.297341230241045
limit_g16_offdesign,G16 + предельные зазоры,left_support,левая опора,0.01391614629794826,-47.08657736304987,-42.262853421678535
limit_g16_offdesign,G16 + предельные зазоры,left_support,левая опора,0.01396712119281254,-46.906240316257964,-42.217885552701304
limit_g16_offdesign,G16 + предельные зазоры,left_support,левая опора,0.014018096087676818,-46.71427177294974,-42.16244877414144
limit_g16_offdesign,G16 + предельные зазоры,left_support,левая опора,0.014069070982541098,-46.51071933620378,-42.09655683284141
limit_g16_offdesign,G16 + предельные зазоры,left_support,левая опора,0.014120045877405377,-46.295633481595246,-42.02022606824522
limit_g16_offdesign,G16 + предельные зазоры,left_support,левая опора,0.014171020772269657,-46.06906754467932,-41.933475408346574
limit_g16_offdesign,G16 + предельные зазоры,left_support,левая опора,0.014221995667133936,-45.8310777077654,-41.83632636499533
limit_g16_offdesign,G16 + предельные зазоры,left_support,левая опора,0.014272970561998215,-45.58172298598537,-41.728803028563064
limit_g16_offdesign,G16 + предельные зазоры,left_support,левая опора,0.014323945456862495,-45.32106521265945,-41.61093206196937
limit_g16_offdesign,G16 + предельные зазоры,left_support,левая опора,0.014374920351726774,-45.04916902396317,-41.4827426940701
limit_g16_offdesign,G16 + предельные зазоры,left_support,левая опора,0.014425895246591052,-44.76610184289934,-41.34426671240944
limit_g16_offdesign,G16 + предельные зазоры,left_support,левая опора,0.014476870141455333,-44.47193386257885,-41.19553845533739
limit_g16_offdesign,G16 + предельные зазоры,left_support,левая опора,0.014527845036319612,-44.16673802881483,-41.036594803494864
limit_g16_offdesign,G16 + предельные зазоры,left_support,левая опора,0.014578819931183892,-43.85059002203384,-40.86747517066815
limit_g16_offdesign,G16 + предельные зазоры,left_support,левая опора,0.01462979482604817,-43.5235682385093,-40.68822149401544
limit_g16_offdesign,G16 + предельные зазоры,left_support,левая опора,0.01468076972091245,-43.18575377092119,-40.49887822366749
limit_g16_offdesign,G16 + предельные зазоры,left_support,левая опора,0.01473174461577673,-42.83723038824727,-40.2994923117052
limit_g16_offdesign,G16 + предельные зазоры,left_support,левая опора,0.014782719510641008,-42.478084514990684,-40.090113200516704
limit_g16_offdesign,G16 + предельные зазоры,left_support,левая опора,0.014833694405505289,-42.10840520974885,-39.87079281053705
limit_g16_offdesign,G16 + предельные зазоры,left_support,левая опора,0.014884669300369567,-41.72828414312938,-39.64158552737321
limit_g16_offdesign,G16 + предельные зазоры,left_support,левая опора,0.014935644195233846,-41.33781557501822,-39.40254818831802
limit_g16_offdesign,G16 + предельные зазоры,left_support,левая опора,0.014986619090098127,-40.93709633120571,-39.15374006825596
limit_g16_offdesign,G16 + предельные зазоры,left_support,левая опора,0.015037593984962405,-40.52622577937631,-38.8952228649646
limit_g16_offdesign,G16 + предельные зазоры,left_support,левая опора,0.015088568879826684,-40.105305804468166,-38.6270606838152
limit_g16_offdesign,G16 + предельные зазоры,left_support,левая опора,0.015139543774690964,-39.67444078340826,-38.349320021876245
limit_g16_offdesign,G16 + предельные зазоры,left_support,левая опора,0.015190518669555243,-39.23373755922984,-38.062069751424026
limit_g16_offdesign,G16 + предельные зазоры,left_support,левая опора,0.015241493564419523,-38.783305414578045,-37.7653811028641
limit_g16_offdesign,G16 + предельные зазоры,left_support,левая опора,0.015292468459283802,-38.323256044610844,-37.459327647068
limit_g16_offdesign,G16 + предельные зазоры,left_support,левая опора,0.01534344335414808,-37.85370352930156,-37.14398527712973
limit_g16_offdesign,G16 + предельные зазоры,left_support,левая опора,0.015394418249012361,-37.374764305150094,-36.819432189546234
limit_g16_offdesign,G16 + предельные зазоры,left_support,левая опора,0.01544539314387664,-36.88655713630979,-36.48574886482675
limit_g16_offdesign,G16 + предельные зазоры,left_support,левая опора,0.01549636803874092,-36.38920308513702,-36.1430180475358
limit_g16_offdesign,G16 + предельные зазоры,left_support,левая опора,0.015547342933605199,-35.88282548217113,-35.79132472577481
limit_g16_offdesign,G16 + предельные зазоры,left_support,левая опора,0.015598317828469477,-35.367549895551534,-35.43075611010719
limit_g16_offdesign,G16 + предельные зазоры,left_support,левая опора,0.015649292723333756,-34.8435040998803,-35.06140161193256
limit_g16_offdesign,G16 + предельные зазоры,left_support,левая опора,0.01570026761819804,-34.31081804453738,-34.68335282131501
limit_g16_offdesign,G16 + предельные зазоры,left_support,левая опора,0.015751242513062317,-33.769623821456776,-34.29670348427137
limit_g16_offdesign,G16 + предельные зазоры,left_support,левая опора,0.015802217407926596,-33.22005563237106,-33.9015494795245
limit_g16_offdesign,G16 + предельные зазоры,left_support,левая опора,0.015853192302790874,-32.662249755533075,-33.49798879472805
limit_g16_offdesign,G16 + предельные зазоры,left_support,левая опора,0.015904167197655153,-32.09634451192245,-33.08612150216805
limit_g16_offdesign,G16 + предельные зазоры,left_support,левая опора,0.015955142092519435,-31.522480230945778,-32.666049733947744
limit_g16_offdesign,G16 + предельные зазоры,left_support,левая опора,0.016006116987383714,-30.9407992156387,-32.237877656661546
limit_g16_offdesign,G16 + предельные зазоры,left_support,левая опора,0.016057091882247992,-30.35144570737842,-31.801711445564397
limit_g16_offdesign,G16 + предельные зазоры,left_support,левая опора,0.01610806677711227,-29.75456585011575,-31.357659258243256
limit_g16_offdesign,G16 + предельные зазоры,left_support,левая опора,0.01615904167197655,-29.150307654135325,-30.90583120779681
limit_g16_offdesign,G16 + предельные зазоры,left_support,левая опора,0.01621001656684083,-28.538820959352996,-30.446339335530435
limit_g16_offdesign,G16 + предельные зазоры,left_support,левая опора,0.01626099146170511,-27.920257398159467,-29.979297583172865
limit_g16_offdesign,G16 + предельные зазоры,left_support,левая опора,0.01631196635656939,-27.294770357819672,-29.504821764621806
limit_g16_offdesign,G16 + предельные зазоры,left_support,левая опора,0.016362941251433668,-26.662514942436616,-29.023029537225035
limit_g16_offdesign,G16 + предельные зазоры,left_support,левая опора,0.016413916146297947,-26.02364793448979,-28.534040372604583
limit_g16_offdesign,G16 + предельные зазоры,left_support,левая опора,0.016464891041162225,-25.378327755957354,-28.037975527030984
limit_g16_offdesign,G16 + предельные зазоры,left_support,левая опора,0.016515865936026507,-24.726714429031546,-27.53495801135487
limit_g16_offdesign,G16 + предельные зазоры,left_support,левая опора,0.016566840830890786,-24.06896953643772,-27.02511256050371
limit_g16_offdesign,G16 + предельные зазоры,left_support,левая опора,0.016617815725755065,-23.405256181365843,-26.50856560255071
limit_g16_offdesign,G16 + предельные зазоры,left_support,левая опора,0.016668790620619343,-22.73573894702543,-25.98544522736412
limit_g16_offdesign,G16 + предельные зазоры,left_support,левая опора,0.016719765515483622,-22.06058385583324,-25.455881154844324
limit_g16_offdesign,G16 + предельные зазоры,left_support,левая опора,0.016770740410347904,-21.379958328244143,-24.920004702756753
limit_g16_offdesign,G16 + предельные зазоры,left_support,левая опора,0.016821715305212183,-20.694031141235417,-24.377948754168703
limit_g16_offdesign,G16 + предельные зазоры,left_support,левая опора,0.01687269020007646,-20.002972386454413,-23.82984772449773
limit_g16_offdesign,G16 + предельные зазоры,left_support,левая опора,0.01692366509494074,-19.306953428040337,-23.275837528180176
limit_g16_offdesign,G16 + предельные зазоры,left_support,левая опора,0.01697463998980502,-18.60614686013072,-22.71605554496823
limit_g16_offdesign,G16 + предельные зазоры,left_support,левая опора,0.0170256148846693,-17.900726464062462,-22.150640585863197
limit_g16_offdesign,G16 + предельные зазоры,left_support,левая опора,0.01707658977953358,-17.1908671652789,-21.579732858694253
limit_g16_offdesign,G16 + предельные зазоры,left_support,левая опора,0.01712756467439786,-16.476744989952746,-21.003473933350488
limit_g16_offdesign,G16 + предельные зазоры,left_support,левая опора,0.017178539569262137,-15.758537021336448,-20.422006706675404
limit_g16_offdesign,G16 + предельные зазоры,left_support,левая опора,0.017229514464126416,-15.036421355850178,-19.835475367032355
limit_g16_offdesign,G16 + предельные зазоры,left_support,левая опора,0.017280489358990698,-14.310577058918689,-19.244025358549568
limit_g16_offdesign,G16 + предельные зазоры,left_support,левая опора,0.017331464253854977,-13.581184120568013,-18.64780334505409
limit_g16_offdesign,G16 + предельные зазоры,left_support,левая опора,0.017382439148719255,-12.848423410792455,-18.046957173702808
limit_g16_offdesign,G16 + предельные зазоры,left_support,левая опора,0.017433414043583534,-12.112476634703857,-17.441635838320458
limit_g16_offdesign,G16 + предельные зазоры,left_support,левая опора,0.017484388938447813,-11.373526287473553,-16.831989442453107
limit_g16_offdesign,G16 + предельные зазоры,left_support,левая опора,0.017535363833312095,-10.63175560907833,-16.218169162146417
limit_g16_offdesign,G16 + предельные зазоры,left_support,левая опора,0.017586338728176373,-9.887348538862039,-15.600327208458173
limit_g16_offdesign,G16 + предельные зазоры,left_support,левая опора,0.017637313623040652,-9.14048966992323,-14.97861678971379
limit_g16_offdesign,G16 + предельные зазоры,left_support,левая опора,0.01768828851790493,-8.391364203341208,-14.35319207351487
limit_g16_offdesign,G16 + предельные зазоры,left_support,левая опора,0.01773926341276921,-7.640157902251066,-13.724208148509756
limit_g16_offdesign,G16 + предельные зазоры,left_support,левая опора,0.017790238307633488,-6.887057045779237,-13.09182098593553
limit_g16_offdesign,G16 + предельные зазоры,left_support,левая опора,0.01784121320249777,-6.132248382851431,-12.456187400941499
limit_g16_offdesign,G16 + предельные зазоры,left_support,левая опора,0.01789218809736205,-5.375919085883908,-11.817465013703202
limit_g16_offdesign,G16 + предельные зазоры,left_support,левая опора,0.017943162992226327,-4.61825670436947,-11.175812210336654
limit_g16_offdesign,G16 + предельные зазоры,left_support,левая опора,0.017994137887090606,-3.8594491183703834,-10.531388103622943
limit_g16_offdesign,G16 + предельные зазоры,left_support,левая опора,0.018045112781954885,-3.0996844919290747,-9.884352493552468
limit_g16_offdesign,G16 + предельные зазоры,left_support,левая опора,0.018096087676819167,-2.3391512264084406,-9.234865827698775
limit_g16_offdesign,G16 + предельные зазоры,left_support,левая опора,0.018147062571683446,-1.5780379137734797,-8.583089161431962
limit_g16_offdesign,G16 + предельные зазоры,left_support,левая опора,0.018198037466547724,-0.8165332898252987,-7.929184117981076
limit_g16_offdesign,G16 + предельные зазоры,left_support,левая опора,0.018249012361412003,-0.05482618739979275,-7.273312848355935
limit_g16_offdesign,G16 + предельные зазоры,left_support,левая опора,0.01829998725627628,0.7068945104578628,-6.615637991138035
limit_g16_offdesign,G16 + предельные зазоры,left_support,левая опора,0.018350962151140564,1.4684399173312384,-5.9563226321504334
limit_g16_offdesign,G16 + предельные зазоры,left_support,левая опора,0.018401937046004842,2.2296211902712733,-5.29553026401699
limit_g16_offdesign,G16 + предельные зазоры,left_support,левая опора,0.01845291194086912,2.990249576624524,-4.633424745620329
limit_g16_offdesign,G16 + предельные зазоры,left_support,левая опора,0.0185038868357334,3.7501364608386347,-3.970170261469351
limit_g16_offdesign,G16 + предельные зазоры,left_support,левая опора,0.01855486173059768,4.509093411234012,-3.305931280985814
limit_g16_offdesign,G16 + предельные зазоры,left_support,левая опора,0.01860583662546196,5.266932226729872,-2.6408725177202816
limit_g16_offdesign,G16 + предельные зазоры,left_support,левая опора,0.01865681152032624,6.023464983512957,-1.975158888507676
limit_g16_offdesign,G16 + предельные зазоры,left_support,левая опора,0.018707786415190518,6.778504081637848,-1.3089554725721122
limit_g16_offdesign,G16 + предельные зазоры,left_support,левая опора,0.018758761310054797,7.531862291546545,-0.6424274705918188
limit_g16_offdesign,G16 + предельные зазоры,left_support,левая опора,0.018809736204919075,8.28335280049664,0.024259836266408513
limit_g16_offdesign,G16 + предельные зазоры,left_support,левая опора,0.018860711099783357,9.032789258885643,0.6909411273323376
limit_g16_offdesign,G16 + предельные зазоры,left_support,левая опора,0.018911685994647636,9.779985826460738,1.3574510834274134
limit_g16_offdesign,G16 + предельные зазоры,left_support,левая опора,0.018962660889511915,10.52475721840243,2.023624427859709
limit_g16_offdesign,G16 + предельные зазоры,left_support,левая опора,0.019013635784376193,11.266918751270026,2.6892959674079524
limit_g16_offdesign,G16 + предельные зазоры,left_support,левая опора,0.019064610679240472,12.006286388798298,3.3543006332851175
limit_g16_offdesign,G16 + предельные зазоры,left_support,левая опора,0.019115585574104754,12.742676787533577,4.018473522071094
limit_g16_offdesign,G16 + предельные зазоры,left_support,левая опора,0.019166560468969033,13.475907342297882,4.681649936604192
limit_g16_offdesign,G16 + предельные зазоры,left_support,левая опора,0.01921753536383331,14.205796231470378,5.343665426821867
limit_g16_offdesign,G16 + предельные зазоры,left_support,левая опора,0.01926851025869759,14.932162462074134,6.004355830539809
limit_g16_offdesign,G16 + предельные зазоры,left_support,левая опора,0.01931948515356187,15.654825914657577,6.663557314159813
limit_g16_offdesign,G16 + предельные зазоры,left_support,левая опора,0.019370460048426148,16.37360738795933,7.321106413296147
limit_g16_offdesign,G16 + предельные зазоры,left_support,левая опора,0.01942143494329043,17.088328643345378,7.976840073310397
limit_g16_offdesign,G16 + предельные зазоры,left_support,левая опора,0.01947240983815471,17.798812449007333,8.63059568974452
limit_g16_offdesign,G16 + предельные зазоры,left_support,левая опора,0.019523384733018987,18.504882623911442,9.282211148642633
limit_g16_offdesign,G16 + предельные зазоры,left_support,левая опора,0.019574359627883266,19.206364081486615,9.931524866750799
limit_g16_offdesign,G16 + предельные зазоры,left_support,левая опора,0.019625334522747544,19.90308287304122,10.578375831585369
limit_g16_offdesign,G16 + предельные зазоры,left_support,левая опора,0.019676309417611827,20.594866230897992,11.222603641360005
limit_g16_offdesign,G16 + предельные зазоры,left_support,левая опора,0.019727284312476105,21.28154261123517,11.864048544760493
limit_g16_offdesign,G16 + предельные зазоры,left_support,левая опора,0.019778259207340384,21.9629417366256,12.502551480559541
limit_g16_offdesign,G16 + предельные зазоры,left_support,левая опора,0.019829234102204663,22.638894638260403,13.137954117059165
limit_g16_offdesign,G16 + предельные зазоры,left_support,левая опора,0.01988020899706894,23.30923369784899,13.770098891352962
limit_g16_offdesign,G16 + предельные зазоры,left_support,левая опора,0.019931183891933223,23.97379268918387,14.39882904839749
limit_g16_offdesign,G16 + предельные зазоры,left_support,левая опора,0.019982158786797502,24.632406819360234,15.023988679883209
limit_g16_offdesign,G16 + предельные зазоры,left_support,левая опора,0.02003313368166178,25.28491276964036,15.645422762895787
limit_g16_offdesign,G16 + предельные зазоры,left_support,левая опора,0.02008410857652606,25.93114873595222,16.262977198357515
limit_g16_offdesign,G16 + предельные зазоры,left_support,левая опора,0.020135083471390338,26.57095446901254,16.876498849239788
limit_g16_offdesign,G16 + предельные зазоры,left_support,левая опора,0.02018605836625462,27.20417131406446,17.485835578537067
limit_g16_offdesign,G16 + предельные зазоры,left_support,левая опора,0.0202370332611189,27.83064225021947,18.090836286992626
limit_g16_offdesign,G16 + предельные зазоры,left_support,левая опора,0.020288008155983177,28.45021192939465,18.69135095056737
limit_g16_offdesign,G16 + предельные зазоры,left_support,левая опора,0.020338983050847456,29.062726714834724,19.28723065764164
limit_g16_offdesign,G16 + предельные зазоры,right_support,правая опора,0.0,-3.4782495003632596,-4.515941687065024
limit_g16_offdesign,G16 + предельные зазоры,right_support,правая опора,5.097489486427934e-05,-3.321784572301661,-4.402522085883671
limit_g16_offdesign,G16 + предельные зазоры,right_support,правая опора,0.00010194978972855868,-3.1644959302646902,-4.288010776648983
limit_g16_offdesign,G16 + предельные зазоры,right_support,правая опора,0.000152924684592838,-3.0064225776403752,-4.172436155111408
limit_g16_offdesign,G16 + предельные зазоры,right_support,правая опора,0.00020389957945711736,-2.8476037124040374,-4.055826880694484
limit_g16_offdesign,G16 + предельные зазоры,right_support,правая опора,0.0002548744743213967,-2.6880787173982412,-3.9382118693880668
limit_g16_offdesign,G16 + предельные зазоры,right_support,правая опора,0.000305849369185676,-2.527887150566903,-3.8196202865779347
limit_g16_offdesign,G16 + предельные зазоры,right_support,правая опора,0.0003568242640499554,-2.3670687351459705,-3.7000815398135534
limit_g16_offdesign,G16 + предельные зазоры,right_support,правая опора,0.0004077991589142347,-2.2056633498131233,-3.579625271515786
limit_g16_offdesign,G16 + предельные зазоры,right_support,правая опора,0.00045877405377851404,-2.043711018798923,-3.458281351626363
limit_g16_offdesign,G16 + предельные зазоры,right_support,правая опора,0.0005097489486427934,-1.881251901961872,-3.336079870200935
limit_g16_offdesign,G16 + предельные зазоры,right_support,правая опора,0.0005607238435070727,-1.7183262848298417,-3.2130511299475413
limit_g16_offdesign,G16 + предельные зазоры,right_support,правая опора,0.000611698738371352,-1.554974568610331,-3.0892256387123433
limit_g16_offdesign,G16 + предельные зазоры,right_support,правая опора,0.0006626736332356314,-1.39123726017205,-2.964634101914498
limit_g16_offdesign,G16 + предельные зазоры,right_support,правая опора,0.0007136485280999108,-1.2271549620002935,-2.839307414932029
limit_g16_offdesign,G16 + предельные зазоры,right_support,правая опора,0.0007646234229641901,-1.0627683621286086,-2.713276655440597
limit_g16_offdesign,G16 + предельные зазоры,right_support,правая опора,0.0008155983178284694,-0.8981182240492493,-2.5865730757070664
limit_g16_offdesign,G16 + предельные зазоры,right_support,правая опора,0.0008665732126927488,-0.7332453766049136,-2.4592280948397764
limit_g16_offdesign,G16 + предельные зазоры,right_support,правая опора,0.0009175481075570281,-0.5681907038642836,-2.3312732909974403
limit_g16_offdesign,G16 + предельные зазоры,right_support,правая опора,0.0009685230024213075,-0.40299513498386325,-2.2027403935586016
limit_g16_offdesign,G16 + предельные зазоры,right_support,правая опора,0.0010194978972855868,-0.23769963405864442,-2.0736612752536017
limit_g16_offdesign,G16 + предельные зазоры,right_support,правая опора,0.0010704727921498661,-0.07234518996409763,-1.9440679442609823
limit_g16_offdesign,G16 + предельные зазоры,right_support,правая опора,0.0011214476870141455,0.09302719380797043,-1.813992536270321
limit_g16_offdesign,G16 + предельные зазоры,right_support,правая опора,0.0011724225818784248,0.25837650931719347,-1.6834673065134302
limit_g16_offdesign,G16 + предельные зазоры,right_support,правая опора,0.001223397476742704,0.42366175434351894,-1.552524621765924
limit_g16_offdesign,G16 + предельные зазоры,right_support,правая опора,0.0012743723716069834,0.5888419425546628,-1.4211969523211205
limit_g16_offdesign,G16 + предельные зазоры,right_support,правая опора,0.0013253472664712627,0.7538761136696306,-1.289516863938273
limit_g16_offdesign,G16 + предельные зазоры,right_support,правая опора,0.0013763221613355423,0.9187233436157759,-1.157517009767131
limit_g16_offdesign,G16 + предельные зазоры,right_support,правая опора,0.0014272970561998216,1.0833427546768708,-1.0252301222508347
limit_g16_offdesign,G16 + предельные зазоры,right_support,правая опора,0.001478271951064101,1.2476935256296986,-0.8926890050091322
limit_g16_offdesign,G16 + предельные зазоры,right_support,правая опора,0.0015292468459283802,1.4117349018666223,-0.759926524703968
limit_g16_offdesign,G16 + предельные зазоры,right_support,правая опора,0.0015802217407926596,1.5754262055016424,-0.6269756028894198
limit_g16_offdesign,G16 + предельные зазоры,right_support,правая опора,0.0016311966356569389,1.7387268454574296,-0.49386920784803345
limit_g16_offdesign,G16 + предельные зазоры,right_support,правая опора,0.0016821715305212182,1.9015963275308236,-0.3606403464155687
limit_g16_offdesign,G16 + предельные зазоры,right_support,правая опора,0.0017331464253854975,2.0639942644343225,-0.22732205579618356
limit_g16_offdesign,G16 + предельные зазоры,right_support,правая опора,0.0017841213202497768,2.225880385811048,-0.09394739537008946
limit_g16_offdesign,G16 + предельные зазоры,right_support,правая опора,0.0018350962151140562,2.3872145482207214,0.03945056150429292
limit_g16_offdesign,G16 + предельные зазоры,right_support,правая опора,0.0018860711099783355,2.5479567450941665,0.17283873569164782
limit_g16_offdesign,G16 + предельные зазоры,right_support,правая опора,0.001937046004842615,2.708067116653871,0.3061840504825024
limit_g16_offdesign,G16 + предельные зазоры,right_support,правая опора,0.001988020899706894,2.867505959798144,0.4394534397953691
limit_g16_offdesign,G16 + предельные зазоры,right_support,правая опора,0.0020389957945711737,3.026233737946442,0.5726138563762596
limit_g16_offdesign,G16 + предельные зазоры,right_support,правая опора,0.0020899706894354528,3.1842110908433634,0.7056322799935127
limit_g16_offdesign,G16 + предельные зазоры,right_support,правая опора,0.0021409455842997323,3.3413988443189577,0.8384757256259341
limit_g16_offdesign,G16 + предельные зазоры,right_support,правая опора,0.002191920479164012,3.497758020002872,0.9711112516422047
limit_g16_offdesign,G16 + предельные зазоры,right_support,правая опора,0.002242895374028291,3.653249844989944,1.103505967969525
limit_g16_offdesign,G16 + предельные зазоры,right_support,правая опора,0.0022938702688925705,3.8078357614548537,1.2356270442494737
limit_g16_offdesign,G16 + предельные зазоры,right_support,правая опора,0.0023448451637568496,3.961477436213426,1.3674417179790628
limit_g16_offdesign,G16 + предельные зазоры,right_support,правая опора,0.002395820058621129,4.114136770228251,1.4989173026349678
limit_g16_offdesign,G16 + предельные зазоры,right_support,правая опора,0.002446794953485408,4.265775908056218,1.6300211957789055
limit_g16_offdesign,G16 + предельные зазоры,right_support,правая опора,0.0024977698483496878,4.416357247235662,1.7607208871421762
limit_g16_offdesign,G16 + предельные зазоры,right_support,правая опора,0.002548744743213967,4.565843447610767,1.8909839666873427
limit_g16_offdesign,G16 + предельные зазоры,right_support,правая опора,0.0025997196380782464,4.714197440590932,2.0207781326450496
limit_g16_offdesign,G16 + предельные зазоры,right_support,правая опора,0.0026506945329425255,4.861382438342793,2.1500711995240076
limit_g16_offdesign,G16 + предельные зазоры,right_support,правая опора,0.002701669427806805,5.007361942912624,2.2788311060921314
limit_g16_offdesign,G16 + предельные зазоры,right_support,правая опора,0.0027526443226710846,5.152099755276852,2.407025923326875
limit_g16_offdesign,G16 + предельные зазоры,right_support,правая опора,0.0028036192175353637,5.295559984318453,2.53462386233277
limit_g16_offdesign,G16 + предельные зазоры,right_support,правая опора,0.002854594112399643,5.437707055726995,2.6615932822242354
limit_g16_offdesign,G16 + предельные зазоры,right_support,правая опора,0.0029055690072639223,5.578505720820109,2.7879026979716617
limit_g16_offdesign,G16 + предельные зазоры,right_support,правая опора,0.002956543902128202,5.717921065284234,2.9135207882088663
limit_g16_offdesign,G16 + предельные зазоры,right_support,правая опора,0.003007518796992481,5.855918517832424,3.0384164029999523
limit_g16_offdesign,G16 + предельные зазоры,right_support,правая опора,0.0030584936918567605,5.99246385877711,3.162558571563666
limit_g16_offdesign,G16 + предельные зазоры,right_support,правая опора,0.0031094685867210396,6.127523228515672,3.2859165099533167
limit_g16_offdesign,G16 + предельные зазоры,right_support,правая опора,0.003160443481585319,6.2610631359267215,3.4084596286903888
limit_g16_offdesign,G16 + предельные зазоры,right_support,правая опора,0.0032114183764495982,6.393050466674985,3.5301575403498995
limit_g16_offdesign,G16 + предельные зазоры,right_support,правая опора,0.0032623932713138778,6.523452491422807,3.6509800670956825
limit_g16_offdesign,G16 + предельные зазоры,right_support,правая опора,0.0033133681661781573,6.652236873946127,3.77089724816368
limit_g16_offdesign,G16 + предельные зазоры,right_support,правая опора,0.0033643430610424364,6.7793716791530105,3.8898793472914135
limit_g16_offdesign,G16 + предельные зазоры,right_support,правая опора,0.003415317955906716,6.904825381002708,4.00789686009179
limit_g16_offdesign,G16 + предельные зазоры,right_support,правая опора,0.003466292850770995,7.028566870323252,4.124920521369393
limit_g16_offdesign,G16 + предельные зазоры,right_support,правая опора,0.0035172677456352746,7.15056546252573,4.24092131237748
limit_g16_offdesign,G16 + предельные зазоры,right_support,правая опора,0.0035682426404995537,7.270790905213209,4.355870468013849
limit_g16_offdesign,G16 + предельные зазоры,right_support,правая опора,0.0036192175353638332,7.389213385682564,4.469739483953826
limit_g16_offdesign,G16 + предельные зазоры,right_support,правая опора,0.0036701924302281123,7.505803538317191,4.582500123718568
limit_g16_offdesign,G16 + предельные зазоры,right_support,правая опора,0.003721167325092392,7.620532451868931,4.694124425676963
limit_g16_offdesign,G16 + предельные зазоры,right_support,правая опора,0.003772142219956671,7.733371676627269,4.804584709979366
limit_g16_offdesign,G16 + предельные зазоры,right_support,правая опора,0.0038231171148209505,7.8442932314741105,4.913853585421465
limit_g16_offdesign,G16 + предельные зазоры,right_support,правая опора,0.00387409200968523,7.953269610822347,5.021903956236564
limit_g16_offdesign,G16 + предельные зазоры,right_support,правая опора,0.00392506690454951,8.060273791436522,5.128709028814621
limit_g16_offdesign,G16 + предельные зазоры,right_support,правая опора,0.003976041799413788,8.16527923913385,5.234242318346335
limit_g16_offdesign,G16 + предельные зазоры,right_support,правая опора,0.004027016694278068,8.268259915364009,5.338477655390689
limit_g16_offdesign,G16 + предельные зазоры,right_support,правая опора,0.004077991589142347,8.369190283665992,5.441389192364257
limit_g16_offdesign,G16 + предельные зазоры,right_support,правая опора,0.004128966484006627,8.468045316000472,5.542951409950721
limit_g16_offdesign,G16 + предельные зазоры,right_support,правая опора,0.0041799413788709055,8.564800498956084,5.643139123428986
limit_g16_offdesign,G16 + предельные зазоры,right_support,правая опора,0.004230916273735185,8.659431839828112,5.741927488918314
limit_g16_offdesign,G16 + предельные зазоры,right_support,правая опора,0.004281891168599465,8.751915872568025,5.839292009538944
limit_g16_offdesign,G16 + предельные зазоры,right_support,правая опора,0.004332866063463744,8.842229663602435,5.935208541486668
limit_g16_offdesign,G16 + предельные зазоры,right_support,правая опора,0.004383840958328024,8.930350817520013,6.029653300019847
limit_g16_offdesign,G16 + предельные зазоры,right_support,правая опора,0.004434815853192302,9.016257482624948,6.122602865357387
limit_g16_offdesign,G16 + предельные зазоры,right_support,правая опора,0.004485790748056582,9.099928356355601,6.214034188486239
limit_g16_offdesign,G16 + предельные зазоры,right_support,правая опора,0.004536765642920861,9.181342690566952,6.303924596876921
limit_g16_offdesign,G16 + предельные зазоры,right_support,правая опора,0.004587740537785141,9.260480296675597,6.392251800105704
limit_g16_offdesign,G16 + предельные зазоры,right_support,правая опора,0.00463871543264942,9.33732155066598,6.478993895382048
limit_g16_offdesign,G16 + предельные зазоры,right_support,правая опора,0.004689690327513699,9.411847397956615,6.56412937297991
limit_g16_offdesign,G16 + предельные зазоры,right_support,правая опора,0.004740665222377979,9.484039358125129,6.647637121571578
limit_g16_offdesign,G16 + предельные зазоры,right_support,правая опора,0.004791640117242258,9.553879529490903,6.729496433462716
limit_g16_offdesign,G16 + предельные зазоры,right_support,правая опора,0.004842615012106537,9.621350593554206,6.809687009727323
limit_g16_offdesign,G16 + предельные зазоры,right_support,правая опора,0.004893589906970816,9.68643581929075,6.888188965241333
limit_g16_offdesign,G16 + предельные зазоры,right_support,правая опора,0.004944564801835096,9.749119067300494,6.964982833613571
limit_g16_offdesign,G16 + предельные зазоры,right_support,правая опора,0.0049955396966993755,9.809384793809821,7.040049572012934
limit_g16_offdesign,G16 + предельные зазоры,right_support,правая опора,0.005046514591563655,9.867218054525964,7.113370565890472
limit_g16_offdesign,G16 + предельные зазоры,right_support,правая опора,0.005097489486427934,9.92260450834279,7.184927633595319
limit_g16_offdesign,G16 + предельные зазоры,right_support,правая опора,0.005148464381292213,9.975530420897018,7.254703030883258
limit_g16_offdesign,G16 + предельные зазоры,right_support,правая опора,0.005199439276156493,10.025982667973976,7.322679455316803
limit_g16_offdesign,G16 + предельные зазоры,right_support,правая опора,0.005250414171020772,10.07394873876205,7.388840050555764
limit_g16_offdesign,G16 + предельные зазоры,right_support,правая опора,0.005301389065885051,10.119416738955033,7.453168410537153
limit_g16_offdesign,G16 + предельные зазоры,right_support,правая опора,0.0053523639607493305,10.1623753937016,7.515648583543462
limit_g16_offdesign,G16 + предельные зазоры,right_support,правая опора,0.00540333885561361,10.202814050401164,7.576265076158252
limit_g16_offdesign,G16 + предельные зазоры,right_support,правая опора,0.00545431375047789,10.240722681345444,7.635002857108119
limit_g16_offdesign,G16 + предельные зазоры,right_support,правая опора,0.005505288645342169,10.276091886205066,7.69184736099004
limit_g16_offdesign,G16 + предельные зазоры,right_support,правая опора,0.005556263540206448,10.308912894360587,7.7467844918832025
limit_g16_offdesign,G16 + предельные зазоры,right_support,правая опора,0.005607238435070727,10.339177567077385,7.7998006268444335
limit_g16_offdesign,G16 + предельные зазоры,right_support,правая опора,0.005658213329935007,10.36687839952385,7.850882619286305
limit_g16_offdesign,G16 + предельные зазоры,right_support,правая опора,0.005709188224799286,10.392008522632368,7.90001780223715
limit_g16_offdesign,G16 + предельные зазоры,right_support,правая опора,0.005760163119663565,10.414561704802678,7.947193991482124
limit_g16_offdesign,G16 + предельные зазоры,right_support,правая опора,0.005811138014527845,10.434532353447143,7.992399488584585
limit_g16_offdesign,G16 + предельные зазоры,right_support,правая опора,0.005862112909392124,10.451915516377552,8.035623083786966
limit_g16_offdesign,G16 + предельные зазоры,right_support,правая опора,0.005913087804256404,10.466706883033142,8.076854058790515
limit_g16_offdesign,G16 + предельные зазоры,right_support,правая опора,0.005964062699120682,10.4789027855495,8.116082189413145
limit_g16_offdesign,G16 + предельные зазоры,right_support,правая опора,0.006015037593984962,10.488500199668087,8.153297748124755
limit_g16_offdesign,G16 + предельные зазоры,right_support,правая опора,0.0060660124888492414,10.495496745486188,8.188491506459393
limit_g16_offdesign,G16 + предельные зазоры,right_support,правая опора,0.006116987383713521,10.499890688047048,8.221654737303682
limit_g16_offdesign,G16 + предельные зазоры,right_support,правая опора,0.0061679622785778005,10.501680937770107,8.2527792170609
limit_g16_offdesign,G16 + предельные зазоры,right_support,правая опора,0.006218937173442079,10.500867050721187,8.281857227690217
limit_g16_offdesign,G16 + предельные зазоры,right_support,правая опора,0.006269912068306359,10.497449228722564,8.30888155862057
limit_g16_offdesign,G16 + предельные зазоры,right_support,правая опора,0.006320886963170638,10.491428319302939,8.333845508538676
limit_g16_offdesign,G16 + предельные зазоры,right_support,правая опора,0.006371861858034918,10.48280581548725,8.356742887050796
limit_g16_offdesign,G16 + предельные зазоры,right_support,правая опора,0.0064228367528991965,10.471583855426472,8.377568016217774
limit_g16_offdesign,G16 + предельные зазоры,right_support,правая опора,0.006473811647763476,10.457765221867385,8.396315731963027
limit_g16_offdesign,G16 + предельные зазоры,right_support,правая опора,0.0065247865426277555,10.44135334146254,8.412981385353088
limit_g16_offdesign,G16 + предельные зазоры,right_support,правая опора,0.006575761437492035,10.422352283920544,8.427560843750422
limit_g16_offdesign,G16 + предельные зазоры,right_support,правая опора,0.006626736332356315,10.400766760996868,8.440050491838209
limit_g16_offdesign,G16 + предельные зазоры,right_support,правая опора,0.006677711227220593,10.37660212532547,8.450447232516847
limit_g16_offdesign,G16 + предельные зазоры,right_support,правая опора,0.006728686122084873,10.349864369091476,8.458748487671953
limit_g16_offdesign,G16 + предельные зазоры,right_support,правая опора,0.006779661016949152,10.320560122545288,8.46495219881365
limit_g16_offdesign,G16 + предельные зазоры,right_support,правая опора,0.006830635911813432,10.288696652358444,8.469056827587051
limit_g16_offdesign,G16 + предельные зазоры,right_support,правая опора,0.0068816108066777106,10.254281859821688,8.471061356153692
limit_g16_offdesign,G16 + предельные зазоры,right_support,правая опора,0.00693258570154199,10.21732427888566,8.470965287443956
limit_g16_offdesign,G16 + предельные зазоры,right_support,правая опора,0.00698356059640627,10.177833074044699,8.468768645280317
limit_g16_offdesign,G16 + предельные зазоры,right_support,правая опора,0.007034535491270549,10.1358180380643,8.464471974371449
limit_g16_offdesign,G16 + предельные зазоры,right_support,правая опора,0.007085510386134829,10.091289589552758,8.458076340177131
limit_g16_offdesign,G16 + предельные зазоры,right_support,правая опора,0.007136485280999107,10.044258770377645,8.449583328644064
limit_g16_offdesign,G16 + предельные зазоры,right_support,правая опора,0.007187460175863387,9.99473724292771,8.438995045812577
limit_g16_offdesign,G16 + предельные зазоры,right_support,правая опора,0.0072384350707276664,9.942737287220925,8.426314117294407
limit_g16_offdesign,G16 + предельные зазоры,right_support,правая опора,0.007289409965591946,9.888271797859364,8.411543687621597
limit_g16_offdesign,G16 + предельные зазоры,right_support,правая опора,0.007340384860456225,9.831354280831684,8.39468741946675
limit_g16_offdesign,G16 + предельные зазоры,right_support,правая опора,0.007391359755320504,9.771998850164008,8.375749492734782
limit_g16_offdesign,G16 + предельные зазоры,right_support,правая опора,0.007442334650184784,9.710220224420015,8.35473460352641
limit_g16_offdesign,G16 + предельные зазоры,right_support,правая опора,0.007493309545049063,9.646033723051127,8.331647962973644
limit_g16_offdesign,G16 + предельные зазоры,right_support,правая опора,0.007544284439913342,9.579455262597707,8.30649529594758
limit_g16_offdesign,G16 + предельные зазоры,right_support,правая опора,0.0075952593347776215,9.510501352742164,8.279282839638764
limit_g16_offdesign,G16 + предельные зазоры,right_support,правая опора,0.007646234229641901,9.439189092215013,8.250017342010556
limit_g16_offdesign,G16 + предельные зазоры,right_support,правая опора,0.0076972091245061805,9.365536164554818,8.218706060125799
limit_g16_offdesign,G16 + предельные зазоры,right_support,правая опора,0.00774818401937046,9.289560833723172,8.185356758347261
limit_g16_offdesign,G16 + предельные зазоры,right_support,правая опора,0.007799158914234739,9.211281939575713,8.149977706412296
limit_g16_offdesign,G16 + предельные зазоры,right_support,правая опора,0.00785013380909902,9.13071889319033,8.112577677382152
limit_g16_offdesign,G16 + предельные зазоры,right_support,правая опора,0.007901108703963298,9.047891672053755,8.0731659454665
limit_g16_offdesign,G16 + предельные зазоры,right_support,правая опора,0.007952083598827576,8.962820815107667,8.031752283723662
limit_g16_offdesign,G16 + предельные зазоры,right_support,правая опора,0.008003058493691857,8.875527417655572,7.988346961637168
limit_g16_offdesign,G16 + предельные зазоры,right_support,правая опора,0.008054033388556136,8.786033126131757,7.942960742569188
limit_g16_offdesign,G16 + предельные зазоры,right_support,правая опора,0.008105008283420414,8.694360132733532,7.895604881091514
limit_g16_offdesign,G16 + предельные зазоры,right_support,правая опора,0.008155983178284695,8.600531169918153,7.846291120194714
limit_g16_offdesign,G16 + предельные зазоры,right_support,правая опора,0.008206958073148973,8.5045695047658,7.795031688376198
limit_g16_offdesign,G16 + предельные зазоры,right_support,правая опора,0.008257932968013254,8.40649893320994,7.741839296607862
limit_g16_offdesign,G16 + предельные зазоры,right_support,правая опора,0.008308907862877532,8.306343774136586,7.686727135184126
limit_g16_offdesign,G16 + предельные зазоры,right_support,правая опора,0.008359882757741811,8.204128863353855,7.629708870451069
limit_g16_offdesign,G16 + предельные зазоры,right_support,правая опора,0.008410857652606091,8.099879547433336,7.570798641417553
limit_g16_offdesign,G16 + предельные зазоры,right_support,правая опора,0.00846183254747037,7.993621677424857,7.51001105624913
limit_g16_offdesign,G16 + предельные зазоры,right_support,правая опора,0.00851280744233465,7.88538160244606,7.447361188645592
limit_g16_offdesign,G16 + предельные зазоры,right_support,правая опора,0.00856378233719893,7.775186163148569,7.382864574103113
limit_g16_offdesign,G16 + предельные зазоры,right_support,правая опора,0.008614757232063208,7.6630626850622,7.316537206061846
limit_g16_offdesign,G16 + предельные зазоры,right_support,правая опора,0.008665732126927488,7.549038971818959,7.24839553193998
limit_g16_offdesign,G16 + предельные зазоры,right_support,правая опора,0.008716707021791767,7.433143298258498,7.178456449055231
limit_g16_offdesign,G16 + предельные зазоры,right_support,правая опора,0.008767681916656047,7.3154044034166885,7.106737300434733
limit_g16_offdesign,G16 + предельные зазоры,right_support,правая опора,0.008818656811520326,7.195851483399129,7.033255870514459
limit_g16_offdesign,G16 + предельные зазоры,right_support,правая опора,0.008869631706384605,7.07451418414127,6.958030380729135
limit_g16_offdesign,G16 + предельные зазоры,right_support,правая опора,0.008920606601248885,6.951422594057012,6.881079484993807
limit_g16_offdesign,G16 + предельные зазоры,right_support,правая опора,0.008971581496113164,6.826607236577611,6.802422265078191
limit_g16_offdesign,G16 + предельные зазоры,right_support,правая опора,0.009022556390977442,6.700099062582645,6.722078225874883
limit_g16_offdesign,G16 + предельные зазоры,right_support,правая опора,0.009073531285841723,6.571929442725039,6.6400672905626665
limit_g16_offdesign,G16 + предельные зазоры,right_support,правая опора,0.009124506180706001,6.442130159651987,6.556409795666109
limit_g16_offdesign,G16 + предельные зазоры,right_support,правая опора,0.009175481075570282,6.310733400123682,6.471126486012634
limit_g16_offdesign,G16 + предельные зазоры,right_support,правая опора,0.00922645597043456,6.177771747031881,6.384238509588362
limit_g16_offdesign,G16 + предельные зазоры,right_support,правая опора,0.00927743086529884,6.043278171320198,6.295767412293969
limit_g16_offdesign,G16 + предельные зазоры,right_support,правая опора,0.00932840576016312,5.907286023808196,6.205735132601885
limit_g16_offdesign,G16 + предельные зазоры,right_support,правая опора,0.009379380655027398,5.769829026921291,6.114163996116142
limit_g16_offdesign,G16 + предельные зазоры,right_support,правая опора,0.009430355549891679,5.6309412663284455,6.021076710036194
limit_g16_offdesign,G16 + предельные зазоры,right_support,правая опора,0.009481330444755957,5.490657182489886,5.926496357526176
limit_g16_offdesign,G16 + предельные зазоры,right_support,правая опора,0.009532305339620236,5.349011562116749,5.830446391990862
limit_g16_offdesign,G16 + предельные зазоры,right_support,правая опора,0.009583280234484516,5.206039529544912,5.73295063125986
limit_g16_offdesign,G16 + предельные зазоры,right_support,правая опора,0.009634255129348795,5.061776538025114,5.634033251681431
limit_g16_offdesign,G16 + предельные зазоры,right_support,правая опора,0.009685230024213074,4.916258360931471,5.533718782127387
limit_g16_offdesign,G16 + предельные зазоры,right_support,правая опора,0.009736204919077354,4.769521082890639,5.432032097910589
limit_g16_offdesign,G16 + предельные зазоры,right_support,правая опора,0.009787179813941633,4.621601090833809,5.328998414616545
limit_g16_offdesign,G16 + предельные зазоры,right_support,правая опора,0.009838154708805913,4.472535064973683,5.224643281850592
limit_g16_offdesign,G16 + предельные зазоры,right_support,правая опора,0.009889129603670192,4.322359969708801,5.118992576902308
limit_g16_offdesign,G16 + предельные зазоры,right_support,правая опора,0.00994010449853447,4.171113044457309,5.012072498328598
limit_g16_offdesign,G16 + предельные зазоры,right_support,правая опора,0.009991079393398751,4.018831794422617,4.903909559457179
limit_g16_offdesign,G16 + предельные зазоры,right_support,правая опора,0.01004205428826303,3.8655539812930986,4.794530581811977
limit_g16_offdesign,G16 + предельные зазоры,right_support,правая опора,0.01009302918312731,3.7113176138781796,4.683962688462089
limit_g16_offdesign,G16 + предельные зазоры,right_support,правая опора,0.010144004077991589,3.556160938683199,4.572233297296008
limit_g16_offdesign,G16 + предельные зазоры,right_support,правая опора,0.010194978972855867,3.4001224304252653,4.459370114222696
limit_g16_offdesign,G16 + предельные зазоры,right_support,правая опора,0.010245953867720148,3.243240782492567,4.345401126301268
limit_g16_offdesign,G16 + предельные зазоры,right_support,правая опора,0.010296928762584426,3.0855548973494558,4.230354594800955
limit_g16_offdesign,G16 + предельные зазоры,right_support,правая опора,0.010347903657448707,2.927103876889645,4.114259048193047
limit_g16_offdesign,G16 + предельные зазоры,right_support,правая опора,0.010398878552312986,2.7679270127400204,3.9971432750766147
limit_g16_offdesign,G16 + предельные зазоры,right_support,правая опора,0.010449853447177264,2.6080637765173154,3.87903631703967
limit_g16_offdesign,G16 + предельные зазоры,right_support,правая опора,0.010500828342041545,2.4475538100402447,3.759967461457661
limit_g16_offdesign,G16 + предельные зазоры,right_support,правая опора,0.010551803236905823,2.286436915499386,3.6399662342309775
limit_g16_offdesign,G16 + предельные зазоры,right_support,правая опора,0.010602778131770102,2.124753045587275,3.519062392463298
limit_g16_offdesign,G16 + предельные зазоры,right_support,правая опора,0.010653753026634382,1.9625422935912162,3.3972859170826326
limit_g16_offdesign,G16 + предельные зазоры,right_support,правая опора,0.010704727921498661,1.799844883451234,3.2746670054068643
limit_g16_offdesign,G16 + предельные зазоры,right_support,правая опора,0.010755702816362941,1.6367011597855703,3.151236063655592
limit_g16_offdesign,G16 + предельные зазоры,right_support,правая опора,0.01080667771122722,1.4731515778863442,3.0270236994102344
limit_g16_offdesign,G16 + предельные зазоры,right_support,правая опора,0.010857652606091499,1.3092366936876618,2.9020607140241235
limit_g16_offdesign,G16 + предельные зазоры,right_support,правая опора,0.01090862750095578,1.1449971537088706,2.7763780949846266
limit_g16_offdesign,G16 + предельные зазоры,right_support,правая опора,0.010959602395820058,0.9804736849753011,2.6500070082290677
limit_g16_offdesign,G16 + предельные зазоры,right_support,правая опора,0.011010577290684338,0.8157070849190234,2.5229787904163885
limit_g16_offdesign,G16 + предельные зазоры,right_support,правая опора,0.011061552185548617,0.6507382112622109,2.3953249411565203
limit_g16_offdesign,G16 + предельные зазоры,right_support,правая опора,0.011112527080412896,0.48560797188547955,2.2670771151992954
limit_g16_offdesign,G16 + предельные зазоры,right_support,правая опора,0.011163501975277176,0.3203573146838408,2.138267114584925
limit_g16_offdesign,G16 + предельные зазоры,right_support,правая опора,0.011214476870141455,0.15502721741272724,2.0089268807579503
limit_g16_offdesign,G16 + предельные зазоры,right_support,правая опора,0.011265451765005733,-0.010341322473417361,1.8790884866466027
limit_g16_offdesign,G16 + предельные зазоры,right_support,правая опора,0.011316426659870014,-0.1757072979874217,1.7487841287095627
limit_g16_offdesign,G16 + предельные зазоры,right_support,правая опора,0.011367401554734292,-0.34102970277798106,1.6180461189521351
limit_g16_offdesign,G16 + предельные зазоры,right_support,правая опора,0.011418376449598573,-0.5062675412981925,1.4869068769136913
limit_g16_offdesign,G16 + предельные зазоры,right_support,правая опора,0.011469351344462851,-0.6713798389713135,1.3553989216285218
limit_g16_offdesign,G16 + предельные зазоры,right_support,правая опора,0.01152032623932713,-0.8363256523513968,1.2235548635619564
limit_g16_offdesign,G16 + предельные зазоры,right_support,правая опора,0.01157130113419141,-1.001064079276159,1.0914073965238509
limit_g16_offdesign,G16 + предельные зазоры,right_support,правая опора,0.01162227602905569,-1.165554269009614,0.9589892895614023
limit_g16_offdesign,G16 + предельные зазоры,right_support,правая опора,0.01167325092391997,-1.3297554323719951,0.8263333788332796
limit_g16_offdesign,G16 + предельные зазоры,right_support,правая опора,0.011724225818784248,-1.4936268518543485,0.693472559467154
limit_g16_offdesign,G16 + предельные зазоры,right_support,правая опора,0.011775200713648527,-1.6571278917154175,0.5604397774025676
limit_g16_offdesign,G16 + предельные зазоры,right_support,правая опора,0.011826175608512807,-1.820218008058227,0.42726802122121493
limit_g16_offdesign,G16 + предельные зазоры,right_support,правая опора,0.011877150503377086,-1.9828567588838444,0.29399031396668474
limit_g16_offdesign,G16 + предельные зазоры,right_support,правая опора,0.011928125398241365,-2.1450038141199674,0.16063970495559468
limit_g16_offdesign,G16 + предельные зазоры,right_support,правая опора,0.011979100293105645,-2.306618965621684,0.027249261582250148
limit_g16_offdesign,G16 + предельные зазоры,right_support,правая опора,0.012030075187969924,-2.467662137142008,-0.10614793888117231
limit_g16_offdesign,G16 + предельные зазоры,right_support,правая опора,0.012081050082834204,-2.6280933942697526,-0.239518817486931
limit_g16_offdesign,G16 + предельные зазоры,right_support,правая опора,0.012132024977698483,-2.787872954332158,-0.3728303018143882
limit_g16_offdesign,G16 + предельные зазоры,right_support,правая опора,0.012182999872562762,-2.946961196259971,-0.5060493341711183
limit_g16_offdesign,G16 + предельные зазоры,right_support,правая опора,0.012233974767427042,-3.105318670412394,-0.639142879790312
limit_g16_offdesign,G16 + предельные зазоры,right_support,правая опора,0.01228494966229132,-3.2629061083595334,-0.7720779350225151
limit_g16_offdesign,G16 + предельные зазоры,right_support,правая опора,0.012335924557155601,-3.419684432619963,-0.9048215355196843
limit_g16_offdesign,G16 + предельные зазоры,right_support,правая опора,0.01238689945201988,-3.57561476635084,-1.037340764409419
limit_g16_offdesign,G16 + предельные зазоры,right_support,правая опора,0.012437874346884158,-3.730658442988376,-1.1696027604575088
limit_g16_offdesign,G16 + предельные зазоры,right_support,правая опора,0.012488849241748439,-3.8847770158360873,-1.301574726216626
limit_g16_offdesign,G16 + предельные зазоры,right_support,правая опора,0.012539824136612717,-4.037932267598547,-1.4332239361592085
limit_g16_offdesign,G16 + предельные зазоры,right_support,правая опора,0.012590799031476998,-4.190086219858284,-1.5645177447925414
limit_g16_offdesign,G16 + предельные зазоры,right_support,правая опора,0.012641773926341277,-4.341201142493369,-1.6954235947539418
limit_g16_offdesign,G16 + предельные зазоры,right_support,правая опора,0.012692748821205555,-4.49123956303353,-1.8259090248841423
limit_g16_offdesign,G16 + предельные зазоры,right_support,правая опора,0.012743723716069836,-4.6401642759523005,-1.9559416782767782
limit_g16_offdesign,G16 + предельные зазоры,right_support,правая опора,0.012794698610934114,-4.7879383518929775,-2.085489310302023
limit_g16_offdesign,G16 + предельные зазоры,right_support,правая опора,0.012845673505798393,-4.934525146826166,-2.214519796602439
limit_g16_offdesign,G16 + предельные зазоры,right_support,правая опора,0.012896648400662673,-5.079888311136487,-2.3430011410589207
limit_g16_offdesign,G16 + предельные зазоры,right_support,правая опора,0.012947623295526952,-5.223991798636301,-2.470901483724886
limit_g16_offdesign,G16 + предельные зазоры,right_support,правая опора,0.012998598190391232,-5.366799875504243,-2.5981891087267184
limit_g16_offdesign,G16 + предельные зазоры,right_support,правая опора,0.013049573085255511,-5.508277129146214,-2.7248324521284224
limit_g16_offdesign,G16 + предельные зазоры,right_support,правая опора,0.01310054798011979,-5.648388476976796,-2.850800109758663
limit_g16_offdesign,G16 + предельные зазоры,right_support,правая опора,0.01315152287498407,-5.7870991751187715,-2.9760608449981576
limit_g16_offdesign,G16 + предельные зазоры,right_support,правая опора,0.013202497769848349,-5.924374827018689,-3.1005835965255173
limit_g16_offdesign,G16 + предельные зазоры,right_support,правая опора,0.01325347266471263,-6.0601813919762995,-3.2243374860196377
limit_g16_offdesign,G16 + предельные зазоры,right_support,правая опора,0.013304447559576908,-6.194485193585707,-3.3472918258166713
limit_g16_offdesign,G16 + предельные зазоры,right_support,правая опора,0.013355422454441187,-6.327252928086268,-3.469416126519791
limit_g16_offdesign,G16 + предельные зазоры,right_support,правая опора,0.013406397349305467,-6.458451672621004,-3.590680104559719
limit_g16_offdesign,G16 + предельные зазоры,right_support,правая опора,0.013457372244169746,-6.5880488934006,-3.7110536897042516
limit_g16_offdesign,G16 + предельные зазоры,right_support,правая опора,0.013508347139034024,-6.716012453770918,-3.8305070325148733
limit_g16_offdesign,G16 + предельные зазоры,right_support,правая опора,0.013559322033898305,-6.8423106221820245,-3.9490105117486234
limit_g16_offdesign,G16 + предельные зазоры,right_support,правая опора,0.013610296928762583,-6.966912080056778,-4.066534741703376
limit_g16_offdesign,G16 + предельные зазоры,right_support,правая опора,0.013661271823626864,-7.089785929556999,-4.183050579504711
limit_g16_offdesign,G16 + предельные зазоры,right_support,правая опора,0.013712246718491142,-7.210901701245285,-4.298529132332548
limit_g16_offdesign,G16 + предельные зазоры,right_support,правая опора,0.013763221613355421,-7.330229361640662,-4.412941764585835
limit_g16_offdesign,G16 + предельные зазоры,right_support,правая опора,0.013814196508219702,-7.447739320666057,-4.526260104983382
limit_g16_offdesign,G16 + предельные зазоры,right_support,правая опора,0.01386517140308398,-7.563402438985853,-4.638456053599195
limit_g16_offdesign,G16 + предельные зазоры,right_support,правая опора,0.01391614629794826,-7.6771900352316775,-4.749501788830512
limit_g16_offdesign,G16 + предельные зазоры,right_support,правая опора,0.01396712119281254,-7.789073893114583,-4.859369774296787
limit_g16_offdesign,G16 + предельные зазоры,right_support,правая опора,0.014018096087676818,-7.899026268421998,-4.968032765668037
limit_g16_offdesign,G16 + предельные зазоры,right_support,правая опора,0.014069070982541098,-8.007019895897493,-5.075463817420661
limit_g16_offdesign,G16 + предельные зазоры,right_support,правая опора,0.014120045877405377,-8.113027996001843,-5.1816362895192105
limit_g16_offdesign,G16 + предельные зазоры,right_support,правая опора,0.014171020772269657,-8.217024281553677,-5.286523854022438
limit_g16_offdesign,G16 + предельные зазоры,right_support,правая опора,0.014221995667133936,-8.31898296424796,-5.390100501611909
limit_g16_offdesign,G16 + предельные зазоры,right_support,правая опора,0.014272970561998215,-8.418878761050829,-5.492340548041612
limit_g16_offdesign,G16 + предельные зазоры,right_support,правая опора,0.014323945456862495,-8.516686900469098,-5.593218640506984
limit_g16_offdesign,G16 + предельные зазоры,right_support,правая опора,0.014374920351726774,-8.612383128692917,-5.692709763931699
limit_g16_offdesign,G16 + предельные зазоры,right_support,правая опора,0.014425895246591052,-8.705943715610093,-5.790789247170775
limit_g16_offdesign,G16 + предельные зазоры,right_support,правая опора,0.014476870141455333,-8.797345460690535,-5.887432769128357
limit_g16_offdesign,G16 + предельные зазоры,right_support,правая опора,0.014527845036319612,-8.88656569873931,-5.982616364788658
limit_g16_offdesign,G16 + предельные зазоры,right_support,правая опора,0.014578819931183892,-8.973582305517066,-6.076316431158692
limit_g16_offdesign,G16 + предельные зазоры,right_support,правая опора,0.01462979482604817,-9.05837370322623,-6.168509733121168
limit_g16_offdesign,G16 + предельные зазоры,right_support,правая опора,0.01468076972091245,-9.140918865861725,-6.259173409196176
limit_g16_offdesign,G16 + предельные зазоры,right_support,правая опора,0.01473174461577673,-9.221197324424859,-6.348284977210232
limit_g16_offdesign,G16 + предельные зазоры,right_support,правая опора,0.014782719510641008,-9.29918917199909,-6.435822339871243
limit_g16_offdesign,G16 + предельные зазоры,right_support,правая опора,0.014833694405505289,-9.374875068686421,-6.521763790248067
limit_g16_offdesign,G16 + предельные зазоры,right_support,правая опора,0.014884669300369567,-9.44823624640316,-6.606088017153239
limit_g16_offdesign,G16 + предельные зазоры,right_support,правая опора,0.014935644195233846,-9.519254513533927,-6.6887741104275795
limit_g16_offdesign,G16 + предельные зазоры,right_support,правая опора,0.014986619090098127,-9.58791225944267,-6.769801566125361
limit_g16_offdesign,G16 + предельные зазоры,right_support,правая опора,0.015037593984962405,-9.654192458839638,-6.849150291598729
limit_g16_offdesign,G16 + предельные зазоры,right_support,правая опора,0.015088568879826684,-9.718078676003206,-6.926800610480155
limit_g16_offdesign,G16 + предельные зазоры,right_support,правая опора,0.015139543774690964,-9.779555068855496,-7.002733267561649
limit_g16_offdesign,G16 + предельные зазоры,right_support,правая опора,0.015190518669555243,-9.838606392890766,-7.07692943356952
limit_g16_offdesign,G16 + предельные зазоры,right_support,правая опора,0.015241493564419523,-9.895218004955678,-7.149370709833559
limit_g16_offdesign,G16 + предельные зазоры,right_support,правая опора,0.015292468459283802,-9.949375866880382,-7.220039132849408
limit_g16_offdesign,G16 + предельные зазоры,right_support,правая опора,0.01534344335414808,-10.001066548959615,-7.288917178733022
limit_g16_offdesign,G16 + предельные зазоры,right_support,правая опора,0.015394418249012361,-10.05027723328292,-7.355987767566136
limit_g16_offdesign,G16 + предельные зазоры,right_support,правая опора,0.01544539314387664,-10.096995716913122,-7.421234267631627
limit_g16_offdesign,G16 + предельные зазоры,right_support,правая опора,0.01549636803874092,-10.141210414912369,-7.484640499537733
limit_g16_offdesign,G16 + предельные зазоры,right_support,правая опора,0.015547342933605199,-10.182910363214837,-7.546190740230105
limit_g16_offdesign,G16 + предельные зазоры,right_support,правая опора,0.015598317828469477,-10.222085221345573,-7.605869726890719
limit_g16_offdesign,G16 + предельные зазоры,right_support,правая опора,0.015649292723333756,-10.258725274984629,-7.663662660722645
limit_g16_offdesign,G16 + предельные зазоры,right_support,правая опора,0.01570026761819804,-10.29282143837597,-7.719555210619742
limit_g16_offdesign,G16 + предельные зазоры,right_support,правая опора,0.015751242513062317,-10.324365256580482,-7.773533516720396
limit_g16_offdesign,G16 + предельные зазоры,right_support,правая опора,0.015802217407926596,-10.353348907572586,-7.825584193844406
limit_g16_offdesign,G16 + предельные зазоры,right_support,правая опора,0.015853192302790874,-10.37976520417989,-7.875694334812137
limit_g16_offdesign,G16 + предельные зазоры,right_support,правая опора,0.015904167197655153,-10.403607595865413,-7.92385151364517
limit_g16_offdesign,G16 + предельные зазоры,right_support,правая опора,0.015955142092519435,-10.424870170351932,-7.970043788647603
limit_g16_offdesign,G16 + предельные зазоры,right_support,правая опора,0.016006116987383714,-10.4435476550881,-8.014259705367266
limit_g16_offdesign,G16 + предельные зазоры,right_support,правая опора,0.016057091882247992,-10.459635418555857,-8.056488299436143
limit_g16_offdesign,G16 + предельные зазоры,right_support,правая опора,0.01610806677711227,-10.473129471418963,-8.096719099289228
limit_g16_offdesign,G16 + предельные зазоры,right_support,правая опора,0.01615904167197655,-10.48402646751222,-8.134942128761187
limit_g16_offdesign,G16 + предельные зазоры,right_support,правая опора,0.01621001656684083,-10.492323704671238,-8.1711479095602
limit_g16_offdesign,G16 + предельные зазоры,right_support,правая опора,0.01626099146170511,-10.498019125402509,-8.205327463618307
limit_g16_offdesign,G16 + предельные зазоры,right_support,правая опора,0.01631196635656939,-10.501111317393596,-8.237472315317733
limit_g16_offdesign,G16 + предельные зазоры,right_support,правая опора,0.016362941251433668,-10.501599513863365,-8.267574493592628
limit_g16_offdesign,G16 + предельные зазоры,right_support,правая опора,0.016413916146297947,-10.499483593752107,-8.295626533905665
limit_g16_offdesign,G16 + предельные зазоры,right_support,правая опора,0.016464891041162225,-10.49476408175158,-8.321621480099047
limit_g16_offdesign,G16 + предельные зазоры,right_support,правая опора,0.016515865936026507,-10.487442148174875,-8.345552886119458
limit_g16_offdesign,G16 + предельные зазоры,right_support,правая опора,0.016566840830890786,-10.477519608666231,-8.367414817616497
limit_g16_offdesign,G16 + предельные зазоры,right_support,правая опора,0.016617815725755065,-10.464998923750793,-8.38720185341426
limit_g16_offdesign,G16 + предельные зазоры,right_support,правая опора,0.016668790620619343,-10.449883198224473,-8.404909086855623
limit_g16_offdesign,G16 + предельные зазоры,right_support,правая опора,0.016719765515483622,-10.432176180384026,-8.420532127018983
limit_g16_offdesign,G16 + предельные зазоры,right_support,правая опора,0.016770740410347904,-10.411882261097603,-8.434067099807079
limit_g16_offdesign,G16 + предельные зазоры,right_support,правая опора,0.016821715305212183,-10.389006472715904,-8.445510648907659
limit_g16_offdesign,G16 + предельные зазоры,right_support,правая опора,0.01687269020007646,-10.36355448782431,-8.45485993662577
limit_g16_offdesign,G16 + предельные зазоры,right_support,правая опора,0.01692366509494074,-10.335532617836211,-8.462112644587423
limit_g16_offdesign,G16 + предельные зазоры,right_support,правая опора,0.01697463998980502,-10.304947811427974,-8.467266974314485
limit_g16_offdesign,G16 + предельные зазоры,right_support,правая опора,0.0170256148846693,-10.271807652815822,-8.470321647670664
limit_g16_offdesign,G16 + предельные зазоры,right_support,правая опора,0.01707658977953358,-10.236120359875187,-8.471275907178436
limit_g16_offdesign,G16 + предельные зазоры,right_support,правая опора,0.01712756467439786,-10.197894782102862,-8.470129516206901
limit_g16_offdesign,G16 + предельные зазоры,right_support,правая опора,0.017178539569262137,-10.157140398422582,-8.46688275903044
limit_g16_offdesign,G16 + предельные зазоры,right_support,правая опора,0.017229514464126416,-10.113867314834506,-8.461536440758238
limit_g16_offdesign,G16 + предельные зазоры,right_support,правая опора,0.017280489358990698,-10.068086261909176,-8.454091887134624
limit_g16_offdesign,G16 + предельные зазоры,right_support,правая опора,0.017331464253854977,-10.019808592126655,-8.444550944210341
limit_g16_offdesign,G16 + предельные зазоры,right_support,правая опора,0.017382439148719255,-9.969046277061384,-8.43291597788476
limit_g16_offdesign,G16 + предельные зазоры,right_support,правая опора,0.017433414043583534,-9.915811904413566,-8.419189873319196
limit_g16_offdesign,G16 + предельные зазоры,right_support,правая опора,0.017484388938447813,-9.860118674887756,-8.403376034221484
limit_g16_offdesign,G16 + предельные зазоры,right_support,правая опора,0.017535363833312095,-9.801980398919422,-8.385478382001928
limit_g16_offdesign,G16 + предельные зазоры,right_support,правая опора,0.017586338728176373,-9.74141149325035,-8.36550135480092
limit_g16_offdesign,G16 + предельные зазоры,right_support,правая опора,0.017637313623040652,-9.678426977353649,-8.343449906388376
limit_g16_offdesign,G16 + предельные зазоры,right_support,правая опора,0.01768828851790493,-9.613042469709338,-8.319329504935347
limit_g16_offdesign,G16 + предельные зазоры,right_support,правая опора,0.01773926341276921,-9.545274183931385,-8.293146131658052
limit_g16_offdesign,G16 + предельные зазоры,right_support,правая опора,0.017790238307633488,-9.475138924747142,-8.264906279334706
limit_g16_offdesign,G16 + предельные зазоры,right_support,правая опора,0.01784121320249777,-9.402654083830237,-8.234616950695465
limit_g16_offdesign,G16 + предельные зазоры,right_support,правая опора,0.01789218809736205,-9.327837635487915,-8.202285656685964
limit_g16_offdesign,G16 + предельные зазоры,right_support,правая опора,0.017943162992226327,-9.250708132203856,-8.167920414604772
limit_g16_offdesign,G16 + предельные зазоры,right_support,правая опора,0.017994137887090606,-9.17128470003768,-8.131529746115339
limit_g16_offdesign,G16 + предельные зазоры,right_support,правая опора,0.018045112781954885,-9.089587033882184,-8.093122675132841
limit_g16_offdesign,G16 + предельные зазоры,right_support,правая опора,0.018096087676819167,-9.00563539257953,-8.05270872558648
limit_g16_offdesign,G16 + предельные зазоры,right_support,правая опора,0.018147062571683446,-8.919450593897615,-8.010297919057834
limit_g16_offdesign,G16 + предельные зазоры,right_support,правая опора,0.018198037466547724,-8.831054009367788,-7.96590077229574
limit_g16_offdesign,G16 + предельные зазоры,right_support,правая опора,0.018249012361412003,-8.740467558985303,-7.919528294608432
limit_g16_offdesign,G16 + предельные зазоры,right_support,правая опора,0.01829998725627628,-8.647713705773732,-7.871191985133535
limit_g16_offdesign,G16 + предельные зазоры,right_support,правая опора,0.018350962151140564,-8.55281545021474,-7.820903829986567
limit_g16_offdesign,G16 + предельные зазоры,right_support,правая опора,0.018401937046004842,-8.455796324544593,-7.768676299288726
limit_g16_offdesign,G16 + предельные зазоры,right_support,правая опора,0.01845291194086912,-8.356680386918757,-7.714522344074613
limit_g16_offdesign,G16 + предельные зазоры,right_support,правая опора,0.0185038868357334,-8.255492215446148,-7.658455393080726
limit_g16_offdesign,G16 + предельные зазоры,right_support,правая опора,0.01855486173059768,-8.1522569020944,-7.600489349415498
limit_g16_offdesign,G16 + предельные зазоры,right_support,правая опора,0.01860583662546196,-8.04700004646773,-7.540638587111682
limit_g16_offdesign,G16 + предельные зазоры,right_support,правая опора,0.01865681152032624,-7.939747749458939,-7.478917947562001
limit_g16_offdesign,G16 + предельные зазоры,right_support,правая опора,0.018707786415190518,-7.8305266067770445,-7.4153427358388475
limit_g16_offdesign,G16 + предельные зазоры,right_support,правая опора,0.018758761310054797,-7.719363702352296,-7.349928716899055
limit_g16_offdesign,G16 + предельные зазоры,right_support,правая опора,0.018809736204919075,-7.606286601620046,-7.282692111674595
limit_g16_offdesign,G16 + предельные зазоры,right_support,правая опора,0.018860711099783357,-7.491323344685283,-7.213649593050225
limit_g16_offdesign,G16 + предельные зазоры,right_support,правая опора,0.018911685994647636,-7.374502439369443,-7.142818281729075
limit_g16_offdesign,G16 + предельные зазоры,right_support,правая опора,0.018962660889511915,-7.255852854141196,-7.070215741987136
limit_g16_offdesign,G16 + предельные зазоры,right_support,правая опора,0.019013635784376193,-7.1354040109330565,-6.995859977317811
limit_g16_offdesign,G16 + предельные зазоры,right_support,правая опора,0.019064610679240472,-7.013185777845532,-6.919769425967524
limit_g16_offdesign,G16 + предельные зазоры,right_support,правая опора,0.019115585574104754,-6.889228461740621,-6.841962956363519
limit_g16_offdesign,G16 + предельные зазоры,right_support,правая опора,0.019166560468969033,-6.763562800726543,-6.762459862435014
limit_g16_offdesign,G16 + предельные зазоры,right_support,правая опора,0.01921753536383331,-6.636219956535473,-6.681279858828794
limit_g16_offdesign,G16 + предельные зазоры,right_support,правая опора,0.01926851025869759,-6.507231506796284,-6.598443076020524
limit_g16_offdesign,G16 + предельные зазоры,right_support,правая опора,0.01931948515356187,-6.376629437204134,-6.513970055322919
limit_g16_offdesign,G16 + предельные зазоры,right_support,правая опора,0.019370460048426148,-6.244446133588866,-6.427881743792047
limit_g16_offdesign,G16 + предельные зазоры,right_support,правая опора,0.01942143494329043,-6.11071437388418,-6.340199489033021
limit_g16_offdesign,G16 + предельные зазоры,right_support,правая опора,0.01947240983815471,-5.975467319999609,-6.250945033906372
limit_g16_offdesign,G16 + предельные зазоры,right_support,правая опора,0.019523384733018987,-5.838738509597201,-6.160140511136371
limit_g16_offdesign,G16 + предельные зазоры,right_support,правая опора,0.019574359627883266,-5.700561847775108,-6.06780843782273
limit_g16_offdesign,G16 + предельные зазоры,right_support,правая опора,0.019625334522747544,-5.560971598660025,-5.973971709856958
limit_g16_offdesign,G16 + предельные зазоры,right_support,правая опора,0.019676309417611827,-5.4200023769105545,-5.878653596244757
limit_g16_offdesign,G16 + предельные зазоры,right_support,правая опора,0.019727284312476105,-5.277689139133809,-5.781877733336014
limit_g16_offdesign,G16 + предельные зазоры,right_support,правая опора,0.019778259207340384,-5.13406717521695,-5.683668118963504
limit_g16_offdesign,G16 + предельные зазоры,right_support,правая опора,0.019829234102204663,-4.989172099576356,-5.584049106492152
limit_g16_offdesign,G16 + предельные зазоры,right_support,правая опора,0.01988020899706894,-4.843039842326147,-5.483045398780017
limit_g16_offdesign,G16 + предельные зазоры,right_support,правая опора,0.019931183891933223,-4.695706640368477,-5.380682042052635
limit_g16_offdesign,G16 + предельные зазоры,right_support,правая опора,0.019982158786797502,-4.54720902840778,-5.276984419692255
limit_g16_offdesign,G16 + предельные зазоры,right_support,правая опора,0.02003313368166178,-4.39758382989109,-5.171978245943394
limit_g16_offdesign,G16 + предельные зазоры,right_support,правая опора,0.02008410857652606,-4.246868147876839,-5.0656895595364215
limit_g16_offdesign,G16 + предельные зазоры,right_support,правая опора,0.020135083471390338,-4.095099355834281,-4.958144717230635
limit_g16_offdesign,G16 + предельные зазоры,right_support,правая опора,0.02018605836625462,-3.9423150883758615,-4.849370387278488
limit_g16_offdesign,G16 + предельные зазоры,right_support,правая опора,0.0202370332611189,-3.7885532319248676,-4.7393935428125955
limit_g16_offdesign,G16 + предельные зазоры,right_support,правая опора,0.020288008155983177,-3.6338519153205584,-4.628241455157077
limit_g16_offdesign,G16 + предельные зазоры,right_support,правая опора,0.020338983050847456,-3.4782495003632623,-4.515941687065026
